login_count_per_minute,ports_scanned,request_rate_ratio,geo_distance_from_baseline,time_of_day_score,failed_auth_ratio,sudo_fail_count,unique_ports_per_min,bytes_transferred,connection_duration,user_agent_entropy,country_risk_score,label
239.50412929642272,11.459993396286416,0.9040926691075035,2230.6242282535823,0.8522563357453931,0.9346594556411069,0.1430427455447767,11.859352680279004,1000000.0,0.1381754174418151,0.5237434990740417,0.337394376188988,0
284.3811556662504,20.07148813448793,1.9718779485134035,263.1242446055018,0.9069437495250586,0.888959743896361,0.881151958116944,6.476832672415508,1000000.0,5.197524219719421,0.2365857173006217,0.47858406436304307,0
180.22920205972378,6.674327107811262,2.244769633922551,1298.0418030137766,0.3145563831219612,0.9476154721401987,0.3429520120818125,3.5072320356835123,1000000.0,9.491498361988558,0.3115803314000031,0.4514511437452928,0
189.25239175531448,13.988777683854892,1.961843986851361,2291.4599871127066,0.02693646108962411,0.9924507832425238,0.9630705037064726,7.057705965333754,1000000.0,7.372786749072152,0.2642578864600308,0.0794355623985094,0
270.66453099994135,16.239284151556898,0.3169379118756496,838.4002156909198,0.4629285167394869,0.8691514653385635,0.7349782012852965,2.2824275063970996,1000000.0,3.269647072053605,0.20398174789424992,0.4548409845670358,0
184.94033641740097,21.964562188237764,0.09281050787397938,1744.3301774232818,0.9340776381257929,0.9660158220218711,0.6681850308593007,4.893113437306514,1000000.0,4.057611413050014,0.473596792755301,0.3750877095934254,0
209.9086488412532,13.182266519121821,1.4981729403541206,1099.2040364003876,0.011126728889593762,0.8891089541867039,0.17635596945450505,12.740141366352292,1000000.0,2.727130107311664,0.4399094259526204,0.3541988019693414,0
239.95556741905696,23.32358243910759,1.4371703793304564,352.6938337994268,0.15069532057218238,0.9471294057641568,0.10537560826663894,9.364461549321643,1000000.0,6.518851204751998,0.5510805511509298,0.528944463509318,0
263.4836277909462,0.2651542131987622,1.3666621524406108,416.2472676411314,0.339205418009783,0.8642886644049118,0.6823537703744477,9.403241546349795,1000000.0,8.921077117174846,0.46442488961161876,0.2215093566188585,0
214.41252086632056,6.210208072140588,1.6810331806389294,1805.9292388100566,0.8879352391850758,0.9843981425538026,0.9141666598412864,8.569541315137519,1000000.0,8.57200535553893,0.34578916579195085,0.3037103331383732,0
207.56796632523253,16.675931969533835,2.1107580813687967,788.7289210758139,0.48260347485591404,0.9056347720378728,0.9492423072157778,7.129131724022457,1000000.0,4.6733133487969285,0.5593924267636721,0.37013228911130447,0
212.31526585133167,20.725574969427175,1.7087453202501035,283.8391613332636,0.5194066622823532,0.8640035036284074,0.34846486473242855,1.1514884584078429,1000000.0,6.074258782633935,0.5355980292080814,0.29530219989964807,0
243.50225416554318,0.7380113989190695,0.1422224250256776,2001.736304115108,0.8580482597670687,0.8793226203536582,0.17194124696797164,2.782776721017279,1000000.0,3.081794628643491,0.5007160831405404,0.28044422906659006,0
239.07704028830057,4.063248483059076,0.2447006396591317,115.27268921689482,0.341057683918905,0.9018547798061478,0.7529060645088502,11.004363603767672,1000000.0,2.112611829927526,0.41559200968187004,0.2559068244233562,0
254.19181179276984,19.528565842385166,1.705173697365692,2434.215306751284,0.46258128655751596,0.9719139528758776,0.49419981727598816,2.451910294224342,1000000.0,3.3761619356831223,0.1674700722469233,0.4698013163691379,0
187.233851213257,24.005064827872204,0.617756677939427,802.7886775435761,0.7065432132481589,0.9970109420091453,0.4959240433073405,6.078099648243716,1000000.0,9.656239516389046,0.43780844699084054,0.48034058300990384,0
263.465594598407,8.028638800911981,0.8150261908713632,2211.8232307108183,0.06527787811739694,0.9295822925283349,0.9343092280637346,1.122305874517724,1000000.0,7.8781819815997975,0.22095960808933393,0.14249047791318026,0
303.14304061121845,21.329665956315797,2.438785137058022,828.4267046893234,0.14694628370016505,0.9441457583120872,0.1782128746044973,11.357968615929279,1000000.0,2.6214764469728165,0.5392962115355167,0.26202623287445187,0
289.10481165068467,1.2602681462500183,1.8594520995020447,2220.692478491782,0.5058659580050056,0.9157831359477501,0.2949543449737163,13.533853217873398,1000000.0,0.4564732462773079,0.2905072098523386,0.3569969454995926,0
186.9965612336238,0.22309178970732757,1.30873379986332,306.0689558511609,0.6341725237724023,0.9280414901433963,0.07367014164341956,13.845878088906137,1000000.0,8.497707846168579,0.1888783446759654,0.4590160138667696,0
306.16169241489547,17.22860328670812,1.5028516674774486,1991.8174065336636,0.910418376584892,0.9842610910902733,0.6827956167194371,12.033969551918041,1000000.0,6.292973512740165,0.19505619608631777,0.06999738429891816,0
293.9518394184904,6.4750126436998485,2.1981823845552557,1807.6360042265205,0.3252103661693989,0.9326591961221613,0.43828955207631826,3.6494150450547824,1000000.0,4.11383349818962,0.12216147237136674,0.23378889970972877,0
290.53979889714697,1.1218962916610091,2.4152829093598043,2231.764158328884,0.4501277739205175,0.9486569391860312,0.4253981657436062,2.6885737844112594,1000000.0,7.612241298876897,0.5031969691495702,0.22275102590321716,0
211.40877245851107,20.751681601874868,1.8422289947638637,2195.9811587343293,0.0014964336252919486,0.867466330161477,0.15741540120909148,2.481461319477643,1000000.0,6.950042686347051,0.3642441174307288,0.2954866988735298,0
263.86623053236485,15.465078030523195,0.20250039967746492,122.36961509301564,0.5219699219745182,0.9246126325181377,0.6327054841056378,6.102695181087961,1000000.0,5.212871255218114,0.22391514933701276,0.3592017066712214,0
281.01001284584464,11.27272321864272,1.51028822775375,890.3006102983671,0.16105370169668753,0.9263088321210928,0.6369014651535526,13.889760430563342,1000000.0,0.13790055702734594,0.2693019909999651,0.05867593608012463,0
258.8842358774769,20.081021664519678,0.9234614365214313,607.1918591228808,0.08641234664275366,0.9703711801452873,0.7328222785365155,11.407501931529577,1000000.0,5.263113867269451,0.37172088341513554,0.389802938537485,0
318.8917297610474,21.773565439550538,2.0226584852295026,595.1044592450216,0.8319822747591983,0.9607491604611581,0.06898209813671108,11.059666890473046,1000000.0,5.003820934281296,0.3001284959802569,0.18701392536050648,0
194.5488029624672,6.105467945933501,1.8410564062136219,1792.5212766615998,0.8410955346501832,0.9492983474573624,0.5201698889567429,2.52440935742636,1000000.0,5.951079254496032,0.46619876782797365,0.1865298943735697,0
187.52077209640143,19.357021165682156,1.501989105911823,604.9932410420957,0.18993075430827788,0.9894968262999392,0.6152913350447659,0.2746908876794829,1000000.0,6.082037105168242,0.5783160743974385,0.4091473628665589,0
317.85839318944517,3.575915154559675,1.787337419452033,2089.9140776615336,0.17101826477533477,0.8584249343939933,0.17533733473775814,8.707119921896213,1000000.0,0.3058005694853503,0.1899958102857425,0.4718321686135904,0
269.6848438401628,6.165176335754621,0.5888995173822892,174.6776909082351,0.04520855507904897,0.8760580022934079,0.5424111458642608,0.30425808696890433,1000000.0,8.201681885242522,0.25289678855215436,0.4294386045005928,0
297.7719470674572,1.3695772426958324,0.8525036604847019,2323.7286684203136,0.18888200370921948,0.8613100080048015,0.11117424847691804,0.7563277947734248,1000000.0,2.666589400971952,0.231511230414336,0.3168558935928057,0
222.5540173342235,20.201282130129428,1.48070174628107,1271.3775311411034,0.8772377758493691,0.9559857570703955,0.9345530691639095,3.1438275001277205,1000000.0,0.5111539234618011,0.21328122407824526,0.48865577380952674,0
195.3727336055329,5.633668703910841,1.859257199007843,1008.4907288116948,0.9437294774954283,0.9671987568564498,0.22490851213051033,5.37909947914319,1000000.0,6.881741147888039,0.5764406659571728,0.09091489849170868,0
191.65192949131892,15.212988285723695,0.5674684454774553,2042.0052420344941,0.5181262073663025,0.9089711746136963,0.4509433462718956,8.129670566887322,1000000.0,4.138325521519529,0.555017251939515,0.10176407325501234,0
208.12438447479758,13.306468673255061,0.9609849502081547,1383.7194045414808,0.8260569256912192,0.8963421984544726,0.5356977201015106,2.6916508174715164,1000000.0,4.0257559685550985,0.4127424009452446,0.3856880642833483,0
196.69715785775256,23.401855866297428,1.2625481557267262,372.56318631816805,0.22003614763172852,0.9705338854648379,0.6955239757822361,4.0723407832554095,1000000.0,4.74059155731066,0.5928389946610921,0.45273268070537903,0
219.2043729873673,9.945612030444648,1.8740595160083642,1645.9514305358891,0.977241735054184,0.8842933259275388,0.833021165021532,12.649696469386312,1000000.0,5.950757754567636,0.31548815799603147,0.5397644873426588,0
246.37264484978903,2.6805829964676398,2.0997476012272287,109.80671075625197,0.22102381290663708,0.9062242846458689,0.03503360523622745,13.554939934886622,1000000.0,6.698933814259803,0.4562727345281329,0.28664636847214237,0
294.5341362009674,0.861970628333994,2.0200985453291898,2308.617595951555,0.2893556384041194,0.9148731373900792,0.29148969130710023,7.878676647958927,1000000.0,1.0033612733026067,0.42985346528119583,0.10634160657631271,0
283.76914119155987,3.5524987275441178,1.4335210669905794,739.6753547876109,0.17490755678907366,0.9633251252813844,0.8469152747035362,4.065346577843069,1000000.0,5.688396740279117,0.2694209912373764,0.2295073523589184,0
276.7483153755278,23.590170782463783,2.356228420114315,486.6945579776796,0.22616644634097682,0.9316472662287046,0.647562019795685,2.6622402516413013,1000000.0,5.473167699965962,0.2048859072137306,0.5363393683200276,0
296.0504872314909,9.314257429081021,1.7544600679729152,9.608209429081693,0.15136531882120818,0.9071305620788,0.9782461371162894,6.459200715112777,1000000.0,3.4877443443723464,0.5609595375141992,0.5008590378308573,0
217.18764751769692,0.9476258881542798,2.0791004120398546,2298.96435157227,0.08678099795967498,0.8653307627079988,0.4711631919413315,1.6490436200809588,1000000.0,1.5134836144997492,0.3882703871098151,0.5339392715271405,0
193.90134451231543,0.32561017666631886,0.5118503104518357,1544.0841680387152,0.4967930641413647,0.8762519475896218,0.8051023443842158,3.5360983426867776,1000000.0,2.987474341950631,0.38707304362469996,0.21806614469377583,0
260.00915750832894,1.3062696082284027,2.2417312697005887,1670.2208753757902,0.7300418585337739,0.9673715458312072,0.8017577239409005,14.58076551802197,1000000.0,8.75186056414031,0.13899956130078836,0.3850419000640095,0
296.6926679232623,18.463566186434736,1.0394333504269966,631.2033071432061,0.9139488460590193,0.9730506473535543,0.7700050692097484,4.632686355911178,1000000.0,4.41650878493233,0.3489744995545342,0.1657936198049813,0
245.13549864718786,19.21461025066586,1.8656851031378845,1373.1979541422577,0.4932750767214482,0.8572144511798636,0.5847867866728061,9.467925843571352,1000000.0,5.2750948581059625,0.46377365522730474,0.4333365483513418,0
296.85839803173036,0.5600966615252639,2.4633427284623313,2105.2188580217394,0.1962438226658444,0.9886683169186404,0.9381816880152029,9.431664859638893,1000000.0,0.1649586877235461,0.2557807514933296,0.4150943811014819,0
206.14404760666002,15.448498656181862,2.256511073297624,783.3777934257241,0.8665106994146423,0.9287362777780821,0.06316732741965403,12.824147765589768,1000000.0,5.152015751007629,0.26392917868647403,0.5859936887089485,0
226.0902078290456,14.810624225348656,0.19109890058017304,74.54534765377497,0.5648422061234087,0.9474280810638116,0.5686696191126877,10.450321748015922,1000000.0,8.537020835567137,0.48354455371037464,0.5495781553853888,0
296.69566230702975,7.828343745896629,0.3317437462048023,2321.8899151562264,0.26461678465106087,0.9444353281034068,0.42393369979803563,12.371994100938817,1000000.0,7.270827909132797,0.5842875646501429,0.08197629597641029,0
250.1394724594589,10.495900223846782,2.419164145674218,500.22583175473756,0.4923733059322354,0.9449597988066252,0.40492961771423697,4.167322615560695,1000000.0,2.637236064657775,0.44716512668163033,0.26193429668634516,0
234.9608148219833,10.982119320061445,1.3817761644490436,2123.8076520917816,0.17865930476010938,0.9031934825264192,0.3002475268777228,6.44580175254204,1000000.0,3.622317400442104,0.35953304024017574,0.1511155653635654,0
266.05763869738706,8.406444305339667,1.5981233357281135,1254.7044899098864,0.3400239027412233,0.9193733247207012,0.3451207372691705,3.2753464842811235,1000000.0,4.734583187983575,0.1143253368494456,0.4863101056212523,0
312.64162287163674,10.510929806877675,1.152391921917639,2291.2448295841655,0.05003033902220244,0.9476601162611762,0.5996601644034547,9.118751382784671,1000000.0,1.738094548663296,0.45585499723702083,0.3851851383375914,0
208.93273769464332,3.5321862083465745,0.80324909526969,759.2353419391451,0.8952660928710799,0.8609578317860264,0.4501099413200472,10.762234500081021,1000000.0,0.7001962682499239,0.16021982692904577,0.17632917255860564,0
312.5349467260747,17.497817181569218,1.643356810073652,715.6427950220915,0.655203800923831,0.8833015514318292,0.6671128017832242,3.333069863327118,1000000.0,1.827267344069394,0.28664970292336167,0.31064643753158677,0
229.66259567352344,2.0805371469707623,1.0851848054157118,2199.6925575949253,0.7253128535322166,0.9306088012509248,0.6321018687255974,12.809683118588485,1000000.0,3.101639491643442,0.11177215863925502,0.4866576732530886,0
202.76998222411083,3.2209084399370758,1.277839882041274,1459.2049535389644,0.0054022921269507584,0.9981672457773303,0.48721808731011906,8.551272627817305,1000000.0,5.872199993415072,0.14348856807180724,0.26252877948387515,0
232.57894005582244,7.2903516944847455,1.814127581915201,2057.4514841688483,0.19390413695501596,0.9017623851429373,0.6658623593044798,14.192789192140253,1000000.0,3.8943531654261285,0.5670330947295854,0.33002981266213255,0
202.65303666365622,6.0357168762662115,2.080897230017265,46.97438312370378,0.06708255860127554,0.9163472458193832,0.08363135532618049,2.865779422664101,1000000.0,7.083821244394547,0.30664002844442384,0.062144106040507525,0
314.5724400857795,4.061927020136019,0.35668885082225016,529.5405530496042,0.5757718782504142,0.9895970808785175,0.9819587952052115,13.278367615890307,1000000.0,9.343170500635477,0.35766686670618664,0.08801079701137629,0
310.37833253950726,19.56833936521566,1.3560157044413854,327.04647558323643,0.4587930726100994,0.9962445864765472,0.9861675797103631,1.3080052046115425,1000000.0,1.2562514658561952,0.4663228253173106,0.5407436872753308,0
215.77505658426378,1.9974083469555675,0.6954686217180678,2147.14804821744,0.6588332145412336,0.9821395315521203,0.8454843475560672,10.068079274983523,1000000.0,8.19099391201908,0.5769101443122029,0.18934150735876826,0
225.24494886600235,19.599205787178576,2.187688809903391,1303.53211378794,0.09710329261579231,0.9266616865912748,0.17197060920926655,10.248608752631299,1000000.0,2.996607927321352,0.5892675050304026,0.11529143251488005,0
266.55619291118234,5.779286659406438,0.8154541799043913,1333.9703867301864,0.05939216372065903,0.8829266159259538,0.06339684850888783,12.748136517108701,1000000.0,5.94134075997041,0.32122261260201257,0.5544950920687847,0
192.0007145444249,11.585300123073322,0.5827684308579919,627.9346473229322,0.47569354006219355,0.9455387070625149,0.5046452808390776,13.279391461381724,1000000.0,3.5906501100030845,0.26971618351380944,0.49444088527980956,0
239.23437812937527,14.412731366546746,0.6424714199507022,1726.2638204759758,0.30755405553207693,0.8969006713190175,0.7120409436380879,12.827165563588991,1000000.0,9.205882634787187,0.3746853632301832,0.4040892579050178,0
290.72932455811406,1.4565379249262627,0.5838585552658171,268.4449531043581,0.26600707746215146,0.8575631502764971,0.8994621468130256,11.578157229957554,1000000.0,9.342326122923804,0.17285213849206413,0.557129952812481,0
186.23704164327216,19.666981481614222,0.36082843253711583,470.3319542631709,0.5702700047724027,0.9991300438912967,0.5538096252125027,8.344873106431377,1000000.0,9.537674855957476,0.13782244326713325,0.30949228787966787,0
318.4627909827709,15.829065571137466,0.7715470670032445,744.4780526847264,0.4665080400135192,0.9058921298934481,0.1602818308972246,13.729707314348019,1000000.0,2.252201553989873,0.2750218232738699,0.34632762823963775,0
272.84820073959105,18.63574540272493,0.060028444279735804,278.2869724388562,0.8948415041764484,0.8567951103266944,0.5731283472820015,2.591741005027326,1000000.0,9.07065811902366,0.5169091067596338,0.49282999960349577,0
186.98017801083122,17.93607051539287,2.3541495368662164,1633.5242778118563,0.5440564528689082,0.8579948019635965,0.291464079822901,9.888840773981824,1000000.0,6.836237892885646,0.46283487951167923,0.46716295975291233,0
231.29649103637965,11.778652718201887,1.5776944137378788,1344.561785094053,0.47258975944048154,0.9439793173042728,0.5858263169441051,4.663213042796777,1000000.0,7.733244534778496,0.10546406937319783,0.5029673720381147,0
247.41257216764518,14.196740465977411,0.2464198518899255,1340.2015447212386,0.544837087492034,0.9281515613263756,0.08244257190596782,4.502071396599142,1000000.0,7.797078741035259,0.18508832862518335,0.34112891705378273,0
261.4466691010671,22.174934431258855,1.0312076482752848,2031.0296754499002,0.6830387161696436,0.9306659753189195,0.7333564859893775,3.431345550561868,1000000.0,1.5365916955029617,0.467295481125104,0.39586680720577283,0
246.47697136164544,18.28091320318469,1.734820632428601,1369.8495026968878,0.955556752757232,0.8734776861212552,0.07013423422454368,11.054299546514157,1000000.0,9.144454270048252,0.36022160872710296,0.48907853303461035,0
213.53782847871318,2.0619164029513666,1.9169084739422098,1875.17502012754,0.794386250087696,0.9091575667417907,0.24275490644574016,14.513430270830359,1000000.0,2.151264888624552,0.37130854243922284,0.20878230938109094,0
287.4165732613952,0.4648488119159133,0.5331183396438682,2305.586941488074,0.4977341474750967,0.8645192527643942,0.7972344609216999,13.287816468170695,1000000.0,4.79084791275519,0.3151477916834473,0.28775798856225426,0
210.886969771914,7.759894336824849,0.7885261920307057,1099.2957039611115,0.1440028266347665,0.977597586701018,0.13289427774327434,1.3665898263084957,1000000.0,5.657575268420838,0.17077077972752222,0.48833612056245573,0
214.67059818089402,4.702276192015939,1.6084884349886703,1367.6977246249592,0.5790087793631198,0.9589150378563652,0.3846920176944416,12.530168940740467,1000000.0,4.381972671937355,0.382479717945321,0.463084495993205,0
195.41353141345215,1.712936998260589,1.2670111782447877,877.2768495338412,0.5002258994576748,0.9849979442239937,0.09165923684200306,7.557087579817962,1000000.0,3.2412051118036866,0.22301551021615,0.4554114237709704,0
188.761194709201,13.863195107538202,1.6330926091244422,2133.801420300768,0.8850501223947342,0.8890606092179315,0.13533150278709416,8.071123679888851,1000000.0,1.2372968822821373,0.2883651916478692,0.4894699291148163,0
280.24391575266765,21.801992768459442,0.8184266429089465,1825.195965051145,0.8672490644878138,0.9642213119552069,0.8417669961266282,9.487524898882965,1000000.0,1.6093783136083735,0.4250841859039062,0.21511450597859866,0
276.3943466469958,16.21360623691269,1.7838217371659035,1280.389572731317,0.5532348811891252,0.967432893838287,0.9939237174349068,4.511162636511105,1000000.0,3.5182765464308003,0.49660947975874314,0.5610947327189602,0
222.35409209892268,0.3044550997858525,0.765675671469944,1219.4993384177847,0.21215435681779815,0.9215396066678172,0.5423067186424771,7.649024418161824,1000000.0,1.2449414169492137,0.33517123107182933,0.5760987422228412,0
319.95129864880715,9.523943048753464,1.3821116408834127,648.5270614286173,0.048368636738200466,0.9288647026836182,0.7457853566212284,5.006371163630684,1000000.0,1.2376049285645705,0.43594871333283636,0.40165491658375047,0
290.7553401908358,3.2674617423222445,1.5739787986891596,180.70677020319948,0.7837471122704718,0.9816770060089741,0.0030620316337114373,10.831735507957736,1000000.0,3.9114085210131404,0.47499293565475065,0.4649320577202067,0
259.6784511256181,20.239299153143993,0.7294490321444286,775.2858466203483,0.8030367911123439,0.9434067677149219,0.36059329556220576,3.956884041739067,1000000.0,7.496067554342106,0.5552584271012144,0.10509822587814376,0
300.9101714968947,3.421458141819922,0.020622701609759597,258.3653292448998,0.9557789336581249,0.935184717950472,0.8589162040703264,8.632437918144536,1000000.0,6.164492170770802,0.33630339753647354,0.4314527610110231,0
260.8006796642001,24.808469292311734,0.9723594087837673,2294.1583225596364,0.029959547838434686,0.9210273278284586,0.1523947169498988,7.957781369138588,1000000.0,2.7346465360499956,0.20600648204068236,0.22741390580243415,0
298.5178302598951,15.603041875011334,2.4495464524611665,1681.2218224890287,0.32868268808008694,0.8894390102527346,0.37958324502059926,0.8661545648795632,1000000.0,5.130820424718608,0.13676837483611895,0.37515005606749136,0
222.63121496811422,13.775559108353729,0.21673931080778197,1535.2614939348528,0.8142442038461901,0.8758602493749923,0.14710989855530976,1.5538571215986767,1000000.0,1.570602809756229,0.13461794490443948,0.27445918319546936,0
280.89363435169423,16.404670570187,1.2822317549470554,1672.1521851100892,0.039817129840487686,0.9510012714333154,0.19831739659856473,5.231230220677425,1000000.0,7.510858937157209,0.3279816424832026,0.516659337660437,0
257.03804872019214,11.010147422256214,1.4971159786048538,32.558501656816674,0.9486634331292952,0.9187978293293263,0.7577883927647958,4.798679211157387,1000000.0,8.049128370997447,0.3723171122201179,0.1730447216309084,0
309.54738204396324,8.488161270005563,1.4665979887297798,1727.746420850788,0.6916341738768224,0.9885655988373698,0.7085306592229783,12.139355251782577,1000000.0,7.420818848003692,0.5431197458225796,0.4910226532159328,0
293.75756240698286,21.345764720669223,1.816721738257156,1170.9229691825383,0.1768366145952428,0.9726157498722262,0.024989007915119266,4.635959878210149,1000000.0,5.410028493044865,0.49625112267779825,0.4411501638874995,0
228.5777943823283,17.148819483361237,1.5851870168520856,1053.6228189810452,0.6694909686992507,0.9285302659781107,0.309832872943564,0.32173523738840804,1000000.0,0.6407384010240063,0.41583528453272744,0.5799964585485591,0
53.46108882606424,146.72129404713897,2.0941838543398577,1434.247298057673,0.5656628640534124,0.13768850970694474,0.577376710591554,24.693109480585612,1000000.0,7.859105787058631,0.15328654487862117,0.3904298644085981,1
44.98322873952198,315.9106149308883,0.12376726868901428,711.7914025419627,0.5305986764587823,0.025044996210722353,0.31762462285126425,111.09683525111556,1000000.0,3.73131182102715,0.15364907865956126,0.4587646274240617,1
29.825367908549836,260.9301193472536,0.16717611131862903,495.7559004229337,0.3746899624471772,0.304940978750956,0.3957594783191082,108.56589023001224,1000000.0,7.726847335290266,0.2658904424702486,0.5547227294381863,1
6.962823675081933,187.3891249120076,0.7086195405335896,1922.7160228932382,0.6805206053120134,0.12334388100950001,0.21496756508437675,41.73045473085745,1000000.0,0.8340686563866551,0.1508354845103296,0.3803414469758326,1
44.19963928678652,297.2218460615792,1.8767670455665924,1470.200172516593,0.46441010062368826,0.058994162505078315,0.7273965268229734,46.953559881426784,1000000.0,4.1211294758863195,0.34666950177326483,0.5194641196649069,1
19.78875533036985,370.9293874571486,2.3344605080532954,2450.312269555795,0.9075513540677963,0.18942019478992306,0.4948578990788389,39.16667538863752,1000000.0,2.263845941481792,0.19717970091728695,0.20008527518626018,1
33.7329214546226,302.252864133603,1.9230991314654435,2442.2793607351823,0.30859682617486606,0.264344476286562,0.4840032144112525,101.18787449539452,1000000.0,4.311725884199934,0.3770738489241827,0.11479951219418587,1
28.263611260856848,381.5094022667926,0.5141705986422995,280.46056820517947,0.13381191283821647,0.13502728732108168,0.09009246740482313,55.90120233279129,1000000.0,3.455926886989133,0.5662382094030165,0.31396911138007677,1
15.025860974457999,372.9204761493428,0.26870040152537744,1499.3240165325547,0.34170935109248635,0.16848060577428225,0.93252649052238,73.67360411811498,1000000.0,9.858935910136509,0.2804042145820207,0.34366277935267336,1
53.48668530655351,139.76081216705245,0.36397946360271327,447.64399291937264,0.2376187954753426,0.17782653844495527,0.25211881318867746,54.490477138149124,1000000.0,1.0514423108552111,0.21974558837005606,0.39544445823943436,1
47.447358937864,445.8466940837791,0.7224205715369303,2163.2465084461005,0.452628438016799,0.11790425104015924,0.483402171200752,63.63273866044713,1000000.0,8.643185726276537,0.4065156897577967,0.24478960082974216,1
30.991220520835576,384.14789371736106,0.6990044184392724,1732.058583864805,0.219411552651121,0.2766117241028619,0.22588895566545375,86.7492243184351,1000000.0,3.392556136477514,0.11988849245308594,0.22706312707487325,1
39.8384647948283,206.91888629440052,2.256686913244595,491.41542572558706,0.26826866830086704,0.2963934517422759,0.4706023016052924,92.86982123019074,1000000.0,4.614965644851619,0.2934089781353093,0.46835180367150153,1
3.7540423875205,272.7934600422026,1.9523745231687153,2419.120116518738,0.33550743244162595,0.04466940269696188,0.5207876278569216,104.02598707887758,1000000.0,0.5576029736615011,0.31844086339132804,0.41427358921105945,1
54.27915469727189,178.3470720793491,0.11024911253649683,1661.414141113853,0.24434912311401413,0.024310991246000252,0.44989800360897314,74.1376134604013,1000000.0,8.441406106076517,0.4945024961627691,0.15102656556625882,1
50.442985313188395,429.4061636817961,0.26166410318447353,184.48437935240315,0.8599073688156564,0.16112221081472536,0.8812098316400286,87.18966115770144,1000000.0,0.890697412594302,0.5620822284645933,0.2587224405349793,1
10.669577623233328,156.8373558864935,0.3573878185784682,486.9231134422336,0.6621382512508738,0.009887055263206261,0.8971575582208161,117.29372936842839,1000000.0,7.470168094353021,0.5602543963144997,0.4621335802192663,1
22.333717028644237,300.54705532584484,2.2982803294771146,1810.9086584843706,0.5830036404920774,0.2902350604642154,0.7980221171576672,75.90476805503093,1000000.0,1.2406635541948237,0.2492473470888835,0.2088636115296449,1
49.464308097852914,230.38260438103498,0.6429933748091576,1463.5829224797426,0.9102161946490384,0.24850569909239575,0.7288054706878044,43.127172669200434,1000000.0,1.9611666164830772,0.3503362888395879,0.2410111561549691,1
32.18627184796015,304.8832867602269,1.0544337285452938,2333.3037589592077,0.6115695398675864,0.2240520985836364,0.2802738088705614,112.25746084939782,1000000.0,0.8491244912246797,0.514854386202258,0.40736776133430597,1
0.32209811895826945,204.5148243822029,1.2036126103153446,1044.653674807319,0.15659708307415532,0.3012457287733374,0.7466314366114474,65.54492935032614,1000000.0,0.990542586571906,0.3366979562772482,0.586293180287191,1
12.560570729613278,187.8829348028538,2.1641540018153553,2151.1203319960446,0.03243402065987411,0.2669569017909728,0.038745069772685325,106.93617888626586,1000000.0,1.42097013687084,0.381961783365522,0.27409577029321663,1
39.39684073757248,443.9125187879153,0.6934034431519462,2490.2275578307863,0.6659184076620285,0.12062761959103466,0.4333669235526222,45.93405111823412,1000000.0,3.9302750239594992,0.17660139344647532,0.38304597420089437,1
25.482946343760254,205.21814953085453,0.7401346459588021,1553.8273959561022,0.4752575238078326,0.3245654796419457,0.9255199326045619,72.14699199784599,1000000.0,3.8649832030381166,0.5894792415709287,0.5139714079189464,1
31.15857962237631,162.335585548683,2.089137685330417,597.0577748328568,0.36327028684149143,0.02393640905300464,0.037860896676441214,57.39712179005083,1000000.0,8.749143951284683,0.5869823266159627,0.127802265259124,1
34.84479468277622,277.24755417876145,1.7088319517579262,1137.9331035808632,0.42609001439912586,0.2472032322990731,0.8350295869506199,31.658190882956543,1000000.0,5.4933820694861515,0.42700918846033376,0.1687685846000492,1
56.54371758342464,405.7549007535635,1.1858159438849267,622.9634444954929,0.4898061991536069,0.21214641043996518,0.037816421395311495,66.84550394003992,1000000.0,5.86856156536928,0.5962202918072951,0.4930704841258016,1
12.703379934517713,122.69452317804499,2.1733150346780326,1719.5122144164545,0.9164171345743531,0.16524603329069482,0.022192436288834716,47.1448599045945,1000000.0,1.3357247636071004,0.5721930604956273,0.41759853426299004,1
0.8277625696026525,189.69237771576832,1.07956722511969,1125.3025896426032,0.20657534365926467,0.26066487692500234,0.685535000209843,40.74183225692492,1000000.0,5.545091465910875,0.34576811796424833,0.3170407320110069,1
39.162156828377405,232.26412511563737,0.2429471916277337,1741.4708513724288,0.7497011007032401,0.29899133414747076,0.0008742788212728891,80.24721815844265,1000000.0,4.249711621299687,0.33736264466517385,0.16455592588296197,1
52.11128893263312,163.0895759692603,0.1688590565398343,397.35508119142867,0.33029180957885695,0.05099428183327301,0.4713098045904962,29.775788440011446,1000000.0,0.9797696522896187,0.2515174009699893,0.1641023998100817,1
45.29148788161138,418.7052008838902,2.253569605683812,719.4922814033624,0.56995954228975,0.3303472852226416,0.12206133858976542,80.34915962290552,1000000.0,6.8195178313228535,0.5914207332352911,0.3676000748655555,1
57.21743722144458,307.416097895803,2.34457724230098,412.5720603743502,0.9620266463495306,0.09068443194126205,0.5151798455376561,103.16016619553989,1000000.0,2.4469581995826593,0.5602812770435791,0.44354495242238867,1
52.49207315499749,247.9080009156117,1.5473983475381003,990.3762328105855,0.4391966020501672,0.33132054717833226,0.8783460235020858,22.076903815706654,1000000.0,4.9364315531102445,0.17774439949212364,0.28784640654889226,1
50.68432995874677,379.830281384487,0.417752665458018,805.0955886414235,0.09425667367922586,0.19074409215214777,0.07716363612325039,117.16598688092226,1000000.0,3.1237486745682377,0.287026176659391,0.5022931102819969,1
53.16692877428323,378.5145460598752,0.4250528850699037,2118.0757363637513,0.4355943395094066,0.34052069579596156,0.777767003851208,24.63572377000657,1000000.0,5.7237822927843975,0.1471906659694884,0.06644042014910528,1
17.76188053125225,202.2714831522556,2.428393793554006,478.87621546422923,0.6009342256848075,0.043704699855095536,0.9755012255134947,29.970026528513074,1000000.0,4.60629220780873,0.21559312432548336,0.0939234585240843,1
22.99995154697616,148.13744581807973,0.8682518377715337,1533.9010521759776,0.2006347558228212,0.05956443137972592,0.0214874135073565,89.59934226819624,1000000.0,1.6190387326721334,0.5426401297112344,0.1833648361675121,1
28.78361506640076,206.78714883375682,1.7843867588103668,1951.9067896067788,0.3856565884434324,0.3265101920236885,0.26038998592003526,110.91352969764263,1000000.0,4.348481684100388,0.35386177231269,0.11256393906235455,1
19.305329077568746,395.94394424267847,1.7621552124201085,780.6447158480781,0.5292675526257056,0.23413403647373074,0.6970445984082004,39.12424339082979,1000000.0,6.120613818993618,0.3458868823564166,0.4013507000638,1
29.596602400074755,274.0923161105766,2.460435953214948,404.7208441033995,0.5053323971590918,0.13920433207183852,0.10971237384280941,115.86471963004878,1000000.0,4.758297497411637,0.29087471736772563,0.3292438022787755,1
28.894307116408704,381.6126055128838,0.3555260970585006,1380.3243421368047,0.39723088310783783,0.18722426659382474,0.2345844996770906,63.70320536541076,1000000.0,8.873913284508646,0.23157240248569996,0.4275722005500584,1
15.825805277825557,332.2159508801211,2.2759240409040595,1008.9985229599274,0.3059990456733088,0.16345695011788228,0.34694393623746145,119.01414286172479,1000000.0,9.984015855509815,0.2994215127174086,0.5148940342730279,1
30.562629026751132,173.57553350642803,1.366711455277013,1866.598343957908,0.6410583979798448,0.18089640863064613,0.42434985562322947,34.6083322214552,1000000.0,4.096928268705774,0.2178130347241148,0.24529464433433518,1
19.51489439483605,145.37706010621955,1.3120994974885216,936.3413119625483,0.1646788025008511,0.19610442625942126,0.536733216179766,119.93448369195906,1000000.0,4.850242831109467,0.43140165185141066,0.15362380816407872,1
13.963091853961132,261.54582048450106,0.6966262464538073,864.3422703045012,0.7181976169412164,0.32441041185980884,0.14234644924960627,30.99310978403274,1000000.0,4.931282056517738,0.2145805101282017,0.12038498180042104,1
29.058615442206555,186.32294217852382,0.5577483967185076,2289.5753593256545,0.09241295450494846,0.19290301863956918,0.22040085300579026,38.13192574924051,1000000.0,2.8499454765449346,0.43189433140265965,0.10828793541433007,1
48.69410230961767,260.2098112575911,1.9224194607261194,2335.657563920014,0.5695502349189704,0.19316211735302635,0.7182696554264427,47.12991060564207,1000000.0,1.7568057434151603,0.10501417007148076,0.1558870066249843,1
20.040896107477295,303.89055396432985,1.5221682997429955,285.16194911704264,0.18426505925855097,0.17523330855740715,0.5046878796067045,99.73382023583169,1000000.0,2.922319657331034,0.17405570634444065,0.2764053125642465,1
23.63060474399245,300.41213484467903,2.1268387093112424,1613.2652872892575,0.875846202724826,0.2520717278116815,0.42859369060220465,78.6703979910535,1000000.0,8.281115667773104,0.1362621329316828,0.23695174804648872,1
54.45367849604116,280.640853584376,0.30862077924356107,1915.4613771679462,0.5973897797420937,0.004361846136764158,0.6810945209154469,32.50281242607154,1000000.0,2.8171193412502644,0.12018900435051325,0.10315763406904867,1
27.61479734788068,249.97953498667752,1.5818605045946619,2221.359108100663,0.008061762943128326,0.24276189849786434,0.7189031134879936,65.78720521400598,1000000.0,6.097879605250188,0.47277672364711676,0.5382499259825584,1
50.65289336770546,230.30618439562943,0.8629201003665132,2400.25317861615,0.6628397054505998,0.33050684421800886,0.5365424912166961,78.22285366160949,1000000.0,0.7495536910936411,0.4840765807712927,0.07855462248038902,1
20.830858946262275,303.16205026018577,1.171108014269665,2369.538889959482,0.6159195913634999,0.10356971678785598,0.5133690078484764,74.62346883528001,1000000.0,3.346744350676703,0.4132104975749077,0.07125807358611422,1
12.787540923603407,423.49955434471116,0.5387085446253372,1495.0208549060103,0.5605899703914122,0.0238689597243169,0.4382105216110138,106.02711714301807,1000000.0,8.605508454940388,0.34482088812555645,0.35884709138402593,1
37.71823628059471,264.2735219210591,0.7406985921990752,2324.2387278191904,0.16167575567488668,0.2200064047905322,0.5323338996424419,69.9370757079181,1000000.0,4.181180024275055,0.5195106699729429,0.20561823298458892,1
44.047971735631904,235.651627020538,0.7690829997213386,1036.72115120687,0.668097029495983,0.009469821109581644,0.7330034360781488,75.74034690011365,1000000.0,0.8191911863940764,0.3592851434020058,0.14753498977374818,1
56.42067679285199,435.7652905348886,0.20749239957489007,666.8554923089479,0.7353269962117994,0.0055304610270061,0.8687209115849968,100.7138382829413,1000000.0,0.6858160500923782,0.3682285537707054,0.36371678988550643,1
0.9751008075056222,356.7176839402921,0.4735950444040238,1760.1239260539098,0.41493769838898875,0.12355911506682801,0.13708173825937908,32.760839273216064,1000000.0,9.176633558635375,0.11111774169696517,0.5678389055437802,1
8.269940051674938,432.3242018874816,0.9719375560349384,2236.790422828786,0.11187122343883904,0.16925208397164396,0.578070333356864,57.067121078270574,1000000.0,4.037343992200115,0.5683316653416836,0.11955247373283993,1
43.68720535603306,228.62566500188987,1.498455864538364,1187.9538879672375,0.9679135394882975,0.3002282073770947,0.4066222469875438,74.33267261761617,1000000.0,6.151392509852749,0.3561691601870137,0.5437899070052953,1
12.37992762760545,331.70799464066727,0.9314513939904436,1415.9419398206528,0.2021018500223397,0.17349274762319827,0.9580241586602665,44.97444542077754,1000000.0,4.084300292313083,0.19803656560016628,0.3102825754236906,1
44.73634063539688,153.83729032814944,0.8324250796693472,1377.655718396143,0.4820363637512435,0.32817770389469325,0.8921042713204573,45.29487957509522,1000000.0,4.128639085940056,0.5506214460969456,0.06962555585002134,1
4.315367148218552,443.59478845173896,1.7457460844544777,1786.6374959494217,0.10004909053936317,0.29688408245495385,0.5946604928166961,115.1947620054868,1000000.0,7.020051492763918,0.5939259932615932,0.22799520302023102,1
9.418065105171788,253.29010040071154,0.32079921397745403,2440.8945736765513,0.06485704342174992,0.20562186880724376,0.9530296642811315,46.838928205801636,1000000.0,5.449944063800847,0.4736682654546398,0.4738169801748583,1
45.93944947103356,128.59946458684408,1.9846479129878538,803.8313655956683,0.730656819426925,0.12208001905198364,0.44502068057255906,102.61300070288628,1000000.0,5.605430672018231,0.2511121591561537,0.32385728487200066,1
55.59533891092376,151.70038032208623,0.24900174914501028,2321.344037744706,0.7238274317333337,0.1599346106606076,0.5495642269521129,25.38323318732842,1000000.0,2.7947709270391194,0.562388795793941,0.4482537797685484,1
38.26651539977633,395.6806487674406,0.03603931627664536,562.7137778497793,0.2891163596936842,0.30662274530783334,0.6907972655868976,67.72458311651941,1000000.0,3.6782689376140256,0.2638600737749379,0.0786299278506293,1
8.54152098445774,324.77451844170105,0.6738768016183039,573.8849003652485,0.702563865893333,0.25459796988892774,0.2545892612002477,112.08013149049152,1000000.0,2.0875101107472807,0.10427461824850862,0.09556417140553862,1
59.01144835299421,175.23676970778448,0.8735741518811204,2284.978088567548,0.10486299852072012,0.046408589948877796,0.2784885279185546,45.61046142860691,1000000.0,6.081595132147469,0.23130917060422404,0.27382470030863953,1
58.32749715210396,323.1261622288496,0.8573033767336397,863.1348378065612,0.4848529356897161,0.032849599983433925,0.95275574426586,86.64593193461874,1000000.0,1.5835230810244418,0.37877176127350376,0.43956063001325485,1
15.963843257970911,347.53720715486634,1.5970452411104041,1135.9122458672584,0.6166078110443722,0.013328468931908172,0.9090879129443424,85.50159441066936,1000000.0,9.65943752851538,0.40361199255893654,0.48171804800537166,1
18.914932512970132,261.5763166248885,2.477692786356567,348.5970464167665,0.41743725914983776,0.31044349795631065,0.32105123537991753,28.43718091295417,1000000.0,3.5314062658882155,0.21385564746248595,0.4732687171807387,1
16.722123678006188,286.28363742747104,0.9682943520443565,1622.5239333848308,0.5627387249198875,0.2697014103345448,0.6211102863386565,87.27307378032984,1000000.0,8.532601672979853,0.30994830582743116,0.16557261775489351,1
44.836133409903255,169.71853723530086,0.2538202203576731,849.0523432386008,0.29531096051291583,0.29421370586559953,0.4403653385253121,46.830724949360054,1000000.0,3.908080352284692,0.26515104432081715,0.4827572275497667,1
39.405785748366654,234.03148198498505,0.378964368616537,1324.8336569407552,0.7519796619696997,0.30966644558409084,0.8446376656338652,47.6128523829488,1000000.0,7.418392147735883,0.5789387093516596,0.5190393312816296,1
14.491463223332282,320.0486004203644,1.9846156820476102,597.9792814475182,0.4506749346565728,0.05434252487955579,0.18825515484018995,94.92819247856593,1000000.0,1.3462415348427306,0.546267078249774,0.23123032032693913,1
39.598986750056135,234.63999228895025,2.1907892369783726,507.9953758131525,0.5782036793610084,0.1690725799993673,0.42061386021473945,83.6275532294921,1000000.0,9.245612323558792,0.4910237122549871,0.5348330266187085,1
37.218918672011235,135.31682868041617,0.602593020197095,2422.542824623456,0.9289670479030393,0.21170448423236032,0.7492735067357706,115.6534742014156,1000000.0,1.8357204441066894,0.5925671737557565,0.4868005435814977,1
8.394041105512063,175.7036148187173,0.14987893780870037,1564.2015989315462,0.6462072928320335,0.3095029152793466,0.2500411941663431,102.61174647268726,1000000.0,8.844384591429474,0.3452763088218789,0.19423976037117885,1
37.23264226000604,185.43175516541095,1.448936781767753,436.2314827115352,0.9234107903592674,0.2675868089961321,0.6548509643943902,109.15539904037013,1000000.0,4.015765220317687,0.5082313621285548,0.2542897247488464,1
49.53786955087607,138.37494718780397,2.4125528818223407,1888.1115173764042,0.22219130111638874,0.06017384815513678,0.5971257584248915,20.116045759014916,1000000.0,5.273039460592642,0.15506710887173727,0.38098362357282906,1
30.996333484683205,313.7700785926151,1.6939982348422358,547.0133515983339,0.5707263656577818,0.14264690810385924,0.2576672542303916,109.37509852830246,1000000.0,4.2780220313679465,0.1454393356151902,0.5937044774817545,1
10.740245606875021,416.55441677704215,0.5374323701521705,2132.118923041778,0.08056012115704125,0.30078174177955513,0.7562728263209336,64.33033927113365,1000000.0,6.564385169628284,0.19226816315856424,0.11305977919111114,1
57.9418792459017,448.5978239453837,0.8283528239838461,1700.204672825587,0.8080273864221684,0.1837562304898595,0.681487079811027,62.74001593765851,1000000.0,6.537213460048081,0.37969536192137054,0.5626489522085317,1
42.342491288231756,317.91153703475413,1.8761074173760273,1487.4622118207549,0.20414168880393202,0.10876949778169097,0.07700847885532469,109.79560922452282,1000000.0,0.47410115039842005,0.40234034223536774,0.13070190400302792,1
42.83051836758588,272.93474222962186,1.0760870814116996,1892.4495841760752,0.6376767164649675,0.29904655899660254,0.5739353265099043,116.54308175005285,1000000.0,3.808348103453106,0.3894412138120116,0.1400878719727569,1
1.0048209538414432,344.48328729361026,2.132695905823307,171.39994207186453,0.46508398335928725,0.23806515879461884,0.21702112673469787,88.66430781084803,1000000.0,1.0809470577325353,0.3142179764105477,0.17968256069246336,1
3.1382967408839924,272.3151106829465,0.571680744153169,617.353570614042,0.32531097495597994,0.21315875877517207,0.6954275286288661,59.18724511563908,1000000.0,0.3736498887198135,0.2274277421940276,0.38331256781226286,1
17.771125170876406,242.119212105737,2.3285440301257676,1635.0610798373539,0.4821443880853473,0.04014372920515897,0.12255862503887927,81.4888293754556,1000000.0,8.147329909358207,0.5425201801880583,0.23610383930499823,1
17.610767880418884,253.72828580014703,0.26501562594133665,1710.8193549735245,0.36643974074951047,0.28468655304831464,0.27914294396805783,68.35536004800977,1000000.0,2.6537885910547456,0.19186852950762798,0.1571207564390096,1
45.15322352280903,248.32126493001059,1.9227312349259849,2467.9437067221706,0.983563595440198,0.2420957327866174,0.5896576746720876,67.486492755472,1000000.0,5.503058730847541,0.429481539439064,0.25129891313110814,1
30.666809417781373,177.90458229292872,0.8241712575348437,1601.826990001116,0.958837550136199,0.07136926936856375,0.24342115417865906,30.608136508420053,1000000.0,7.424149526401463,0.3464464886709657,0.19877630289297704,1
48.69182531339844,354.2698729877451,2.34385052052092,2099.289477986521,0.8145132834308164,0.105647060267916,0.7716929973312658,21.059279348987417,1000000.0,3.721359169008214,0.3357700493685357,0.38045155085842636,1
1.9109618248819293,160.31165292372026,1.8888084880735603,2190.7272281282612,0.571651740455698,0.12519747154538022,0.16251219331839817,95.90754736386167,1000000.0,8.818001845174564,0.46358527972378427,0.23242319349839974,1
57.32724171139674,406.14168200811645,0.9582310506820674,2017.8372650009721,0.6520135714352633,0.09552249761107434,0.9943270619377472,107.31533418382384,1000000.0,0.20948765073377762,0.39706793871143353,0.05987710280045163,1
0.5972633736270017,346.4309591132509,0.4178123216041385,1158.1599069839692,0.7813966959707118,0.217487285216357,0.5951448403160763,97.89972098570898,1000000.0,8.626152210976306,0.4351470382184499,0.24465575449230098,1
47.688462762932616,421.6207228620609,1.7914427551054288,162.33717916053965,0.6771478527623505,0.03478626607273241,0.27576371767943153,38.09539900680328,1000000.0,0.2014650396851711,0.3553353491086778,0.17201954231210645,1
49.66096912152911,124.13482415973516,0.9358582759322132,2462.6176505683006,0.09091271716279226,0.3451951473892164,0.9883170702311748,98.37644415439472,1000000.0,8.6790610331983,0.4279213011923285,0.06148329062350165,1
3.730055231518714,228.5394243982099,0.2720963300403126,774.3236115646598,0.3990631669771689,0.2856707059911272,0.9975489102912287,65.26799280832981,1000000.0,3.1459856682468934,0.13400858649138955,0.4489303846403777,1
29.782196146217938,9.37295131531371,16.50102666636092,547.0012393003713,0.8113638336852199,0.19186981599846692,0.3416223621937672,10.072204140696277,552390.0205097275,0.23469322134113313,0.14045380176031227,0.12828457183411773,2
50.318962902915494,3.7337903505318764,13.780920753225164,1348.8207017684156,0.5795017986623829,0.08892168011323814,0.9681033556771955,1.8402373060230026,731323.637713226,0.7091990543044575,0.2191663979700986,0.3638119504962235,2
50.215535977317366,13.67506332321899,14.21159690735611,1453.668523839382,0.1383994953079395,0.276536834465372,0.7821220529016077,14.643271900811751,745345.9673182319,1.4206802725085148,0.15136631523309782,0.1983421448408555,2
45.30293761310647,16.80256419288374,16.385391406803855,570.3400865159628,0.7227308813852079,0.08350843987811943,0.8048725875460716,7.520598991730499,470863.29860524985,1.8660626821301434,0.5735705026353048,0.1267760794892912,2
25.1051653003652,10.826474207215192,14.794445015047984,868.3687117302666,0.6403850182629619,0.1992734226641917,0.20692808602379875,9.02987678834715,403009.0730813686,2.1482743869831142,0.5643041521791973,0.15696875730369614,2
46.819345778370554,16.96458767184993,12.06381257547865,760.9677255097716,0.15507132247908273,0.1922761482737161,0.7101278759405086,4.05033995320143,880206.5642971109,0.4689974390233708,0.5738279101888721,0.07708322301526722,2
35.44833565787918,3.7727987706738633,15.204965209011448,1759.9084099278834,0.6870823054604815,0.15337089733516912,0.44369759537450004,7.57334459900909,674868.6120511859,0.21811993694373416,0.3970268710002315,0.35963433840345965,2
56.411720786144514,23.5630213491491,12.548766446351415,792.9721401488326,0.5752321105951173,0.1320019417247336,0.24838667206248455,9.859644730221518,714916.6809805357,1.985941512592485,0.16193822990328868,0.1212993702876353,2
58.49001627825951,22.843858978259902,10.932686554016565,2026.6777961665186,0.6109938482250646,0.25109988878072764,0.9820695583043734,3.1111770365713847,661062.4376982634,1.7313216741372357,0.49724743869558796,0.54465076162649,2
17.782290736851255,12.970028784992527,13.53572337168544,450.6332122340723,0.5523606967433409,0.2518028683573188,0.4544990704536087,10.390134108559957,822433.9656688671,0.7852356092659922,0.2434777087668182,0.21257386288887048,2
52.94344692479973,17.775267258373987,15.153936109103364,1216.3342308835029,0.11210538986575735,0.02595782552977191,0.4440968354802377,3.3836901386918767,673996.4939386165,0.9434775578967154,0.2930838842303788,0.5418924053452535,2
16.968988214359598,15.63742444061037,10.689330514684087,749.1249950306303,0.9275034096900676,0.09531196610630355,0.12857984287128188,11.764223142069234,661052.9218419096,0.5098966800489586,0.4455574633255134,0.25493869115480133,2
33.91562182318419,15.082596606501927,16.99396337410704,1899.0510661098244,0.6221415406722103,0.12947504548081865,0.141776291088351,2.3286524135376525,704475.6255916918,0.3471402205888493,0.3546294717092845,0.44121513360104514,2
39.186272643661056,2.5138583228510147,11.313753368274533,288.9626635952347,0.43580436519121724,0.03997605547466083,0.1627889299072931,5.916110357279508,816819.2473972609,1.1772982935612306,0.5459778830085342,0.18229941867761107,2
15.085639172602503,19.298765972025713,9.135982635913669,1189.222063539663,0.3385234393188712,0.33280520897136845,0.7798882474978992,4.71013377306605,882302.1275975972,1.5662705181124643,0.11736319510983653,0.5476501389821304,2
25.292361700129554,19.421293421815818,13.844208553376845,308.3040217559119,0.1656885898673307,0.12576305347014768,0.16094444207474434,11.073221061312951,425820.13972235523,1.898003008596396,0.5810791809716133,0.5097226200702205,2
30.144338458906685,22.89979413026766,15.334766374273919,2130.0993528274325,0.027937765915968416,0.12314235267888408,0.7959488380193966,5.567594173646742,581735.3423599164,0.9260760010138349,0.2928586088673313,0.3622426048288103,2
34.809970597532015,18.14898899865281,16.13786257405048,2219.744028169568,0.5103083792222247,0.25164643154021693,0.5083676864847274,1.8701242118041246,717263.6682865534,0.5049219385407473,0.3102010944432386,0.5922029715885613,2
2.5202040390538683,18.072915215218384,16.89258089809027,1476.0505542935625,0.11324332632568279,0.12467474992387192,0.8924038513511693,13.529858140658835,875143.0470597628,2.092985778805028,0.21324911977541702,0.29804865531343727,2
50.19962791747482,21.396702569761388,11.873297490241118,1219.3639876167358,0.09105179491812321,0.1393542476378878,0.440504946823271,12.28146030970373,700472.6555757467,1.0199514769424585,0.5903867728123239,0.22692511703690377,2
27.240217382357418,11.327147584698332,14.499918249441514,1591.739417107919,0.4249872490662211,0.3094525920907695,0.401510183636246,2.996813006232496,472077.13171142235,1.9716370898465247,0.3693545795302866,0.5923030359035332,2
31.024490866061505,19.257162952914875,10.134360429773041,1429.3933480369533,0.4618417221257468,0.10056797682332615,0.9487340867994917,2.2415691873646173,638455.1866897114,1.0793970256164773,0.2800696123854266,0.35768109813661275,2
28.337949535639645,22.936750782505293,12.13721502132889,360.8989849708527,0.6060508813412622,0.04141826917383054,0.6222405637997197,1.4813477287960741,465965.0080790722,0.5265414398935675,0.5193887845717342,0.31343017174561544,2
7.2109098750688405,18.809732596853344,16.587900496995886,948.4176420242446,0.607141763219737,0.19602506554669313,0.20288751283074669,4.918699816919765,485061.055403993,0.22398068017214282,0.5850174653927918,0.567221683136279,2
17.83414481150656,11.792396390585989,15.761473246762506,635.5968271784798,0.9628175704119634,0.10864822168914558,0.9912459581513727,5.584514771871609,850264.8432688909,1.5982741329544867,0.5341020147330485,0.08115118278273405,2
47.52688983680363,2.3148446847906623,16.468347348773143,1047.5265197211093,0.05746011827564379,0.23167662404805675,0.8393741798186527,9.63481610256984,446561.95204394375,1.7958367215934223,0.35962353032792127,0.38807892183801457,2
4.469302287385551,5.528838992957463,17.37252043887334,1841.7716415207342,0.43104604820759107,0.15406750223355592,0.20467073002126057,7.618798512033555,718328.3135664563,2.1728006106462785,0.16217613841467135,0.5396807054238015,2
47.46464696436958,12.241620486610326,10.825492661761096,457.9908702967975,0.551430555199033,0.21785937139292239,0.8548624219193813,6.490515782309852,417931.2268931672,0.3387785809565973,0.11443217987430007,0.15136070676010516,2
44.9834558248352,20.29780735747183,11.796066437467221,1448.2796174491566,0.12660641759138302,0.10809452040640687,0.6803967989422942,10.516646118596412,578375.6805329104,2.3782166718230493,0.5993686411555798,0.4707289461324634,2
34.061847509605634,17.877303630266418,10.214607159069532,2277.3994902470927,0.7409569609046321,0.2363210668186661,0.3552376973192575,6.702271571092222,475534.4202787002,0.8691625270165606,0.1305239133819087,0.346363367083892,2
12.998506246960787,18.89567225395937,10.23868344542144,2146.9976167729956,0.7999231323410926,0.3067842604544329,0.7783642795191695,3.6922145633783443,662283.8287573354,1.6527859523101376,0.1841871652363173,0.5189240534912475,2
13.445306007763879,23.178777730117684,16.682286289149708,1148.0961505547682,0.5008398949936477,0.12723397061930775,0.7954336719332229,1.0975262843043305,400372.94850119273,1.8966208195838086,0.5385112581352829,0.060979026719081966,2
3.6114334738666165,9.52068563732166,13.868574213931502,1704.9157380562938,0.1503375398050294,0.2845745202678645,0.8215873015172187,3.6916751596539346,546551.8490332036,0.9573345306325223,0.2901327151194343,0.17548425464267592,2
2.0990653102413237,15.77741302415016,15.300194623907593,1242.8397430962123,0.6386811241047291,0.09650318172392106,0.5683376986534063,1.9319039855905888,461381.00078020024,1.6230314744974126,0.2926831386119214,0.5195047136792228,2
44.80368224806804,17.718632515518067,12.411006167047084,1361.7692406380374,0.3025400898245446,0.15664398514241543,0.4167041012331276,5.399729776219173,802272.3133266445,1.9934744645914861,0.21524191753768682,0.405757999118403,2
45.45306319590718,23.854690399264676,13.079130497965096,929.0038755522085,0.7890165101291087,0.2705088206446492,0.19967715789123563,6.0481089658591625,714900.1245770906,0.7097584803600487,0.20415610984032642,0.4445448547366466,2
35.252583189235345,5.542959119175067,17.622528389429295,1569.321394651905,0.6663524307245468,0.05802547001358884,0.7043477771569953,9.54192981364408,436338.0054823229,0.5364975407179476,0.4509044324278665,0.39249182568973945,2
40.23026455090266,13.348407369472262,15.8886897141364,1473.506488448744,0.07564423453823987,0.12146921228486347,0.2418381184549886,12.355429091953155,658879.5706993669,1.669639751953981,0.4287141553799527,0.2527364590790939,2
26.62551759761645,16.9602252781598,16.486179697957006,517.554705552751,0.778934218777444,0.19414275051740384,0.708976073327369,9.9590616406514,542531.0817653792,0.9317872223593555,0.19357444826320389,0.08999047644499575,2
35.486163116499064,0.5160326689880729,13.038479682871158,2368.0143741323554,0.059052344254153066,0.056237231347733674,0.6459715583774088,1.5759447155852768,868093.7751264952,1.500264448365041,0.21655746974072096,0.24368581359848746,2
16.19749764401078,15.2941065768888,12.215771403176188,1188.3044910872782,0.6481931545481434,0.2948500962395802,0.3986498362856328,14.349779807400239,678883.6813891783,0.896052561939487,0.5743438053433454,0.3691811235794377,2
23.333962098009135,13.159387721484459,15.460829787477437,1729.9696683028903,0.6476158428827222,0.3416640912641437,0.5851818668472082,1.821217575197613,405666.9753090511,1.377759525554581,0.20834977855920264,0.05606507066660658,2
43.766084852096554,2.557578880259781,16.352607659319474,628.9852950830918,0.7409515830949305,0.348524173940678,0.20386025340182923,14.997493631734605,515055.39720687264,2.1236839801497425,0.26261301632711787,0.29997086301376735,2
49.65223381371268,16.417046786107427,13.150573193572162,1635.1873649689007,0.5916849963552969,0.07669227362323813,0.647368174338705,0.36595945266661045,489918.02100760397,0.4139622762932219,0.4507419184287341,0.4591841682074328,2
28.21544266055046,15.62916230592256,15.386940826783134,1599.8896298158245,0.35157128294328377,0.05442258779782681,0.42864821063510916,8.385177832081,749507.8772140637,0.8395641852204034,0.3597003521518921,0.34756364048691085,2
58.651110600078894,6.267888022756021,14.960829431334659,254.52744042950866,0.8255471931895023,0.3068077815839497,0.6039552024246759,7.443146947920413,454983.0189797057,2.028309507162538,0.42038734394276256,0.25291227568375085,2
49.019432166014184,5.197081783331142,14.739145648397246,201.26338844997815,0.7582175012966936,0.2968265139024719,0.17293358346138832,9.69939272124242,872842.8437425867,0.7071416114345321,0.13458319249114528,0.22695255783813245,2
20.555141482680817,10.012885905831364,11.067854096347988,744.6218020407058,0.27836220639467213,0.027399568899676523,0.6954089396545151,8.305148053138113,793444.3546884798,1.9098022485126198,0.1800989789296044,0.3309197399000494,2
56.35819667280922,16.821036895833473,17.67523923698723,184.70193516728435,0.07840449450295817,0.21873382196089855,0.202183314716755,3.9248700038892,662995.5842567914,2.2251100303615203,0.501733990257691,0.3455789379326173,2
31.039490296209124,10.012999299772341,14.737623100742713,960.2158941106869,0.20266573794676734,0.038303951991317746,0.9516035140789573,1.4537912717158097,730036.3262988315,1.3403225304542445,0.19358763090290018,0.36763059181037194,2
3.692719103694184,19.602054599221677,17.69110404135343,1937.3122250221531,0.05395296594727583,0.034475221699946795,0.49790481675889287,11.26507050592294,476333.93973790616,1.1332107787106083,0.44808274465458053,0.5759963655322641,2
51.69854876364991,22.953243829146842,11.351829244038786,630.5182200853762,0.5956398273727065,0.2401422957444454,0.05264264131243379,5.716313906417753,484010.4623646381,2.139005096554828,0.49575416375780545,0.1314150832586635,2
57.43465543321909,13.251809726645197,15.453173766045492,1372.4038072794278,0.04359554570103574,0.020855316809662974,0.26844784399453325,0.8827303593261654,400352.60047375684,0.48594298612941866,0.5137436118963895,0.48162536792234906,2
9.603667869914048,8.007080808696532,9.10826407983225,706.3671607658648,0.2512689829857977,0.08367974163605305,0.9823236680617455,13.825237356964227,511678.7601184629,1.4844659422928448,0.39310442049346184,0.06559096779625322,2
39.47285703574962,1.8983143047528102,10.263156506413399,2465.798317806359,0.8895322992304573,0.0997268856770599,0.9581516222747775,14.491691579203478,558667.709360326,0.9839987390458089,0.13327728975997613,0.2260225210198612,2
1.553809620881712,15.18602244184242,15.640917414896458,1155.9747575138983,0.4793293581607627,0.2546415196810036,0.6160880025382409,1.2302111391517383,781469.4067961064,0.6369840986693335,0.40194193938096845,0.17629342310364532,2
12.759494543262202,1.7437851296812024,17.127651792651452,1330.2381863447094,0.4989792543590409,0.09065191192445296,0.7781200642702313,10.205427276419591,744434.0698844984,1.4604930907753808,0.20785578045749661,0.08248687593087622,2
35.359089152905156,11.570366180714931,12.58778502833827,2466.430419359662,0.7979345997731475,0.28415915572814454,0.41185360069513366,10.637924348613996,553832.4598042136,2.1128952856891425,0.13528013664886715,0.515910291337893,2
8.3386570520198,19.7318437540484,11.358520251869415,2201.8528092961824,0.4388693164544022,0.002816277305112602,0.33392517819614276,5.0688715257573715,482872.00094478484,1.0173082346763844,0.5397478751280674,0.3831856396124032,2
11.419648098775987,17.040884793069758,16.699671241753208,582.8702793283933,0.9440587785373354,0.005399834151635651,0.5806834521556644,9.409359336304506,539855.1535409085,2.2686238097694376,0.47813424967882445,0.42915763418357233,2
53.46751668762222,21.17239568079205,14.930869411240243,1272.676178239085,0.0993540964888382,0.2584823904673874,0.19387110385084072,9.123885832500164,858070.7141513154,0.6326963976130358,0.23331515145452572,0.3161986870088132,2
51.57618877860287,21.12423964694233,11.18254715428656,858.2084993308112,0.25936550224582633,0.290847515487484,0.26799852883490216,9.382348082470935,892071.2986347743,0.5827929604789004,0.5958054417368466,0.4403942107039282,2
14.667482089134742,17.17130618961536,16.515715528552903,144.76281511657862,0.04583901328398976,0.309738548289178,0.7171641212865815,3.8397290265116526,430500.7860799578,2.254843132077374,0.5184972991048995,0.23885339973925773,2
24.78754655938581,6.63126239021096,11.826457646991692,1106.2611301668105,0.6838442361534927,0.07662554652990755,0.8093394006818383,3.8657576649458103,415828.6174008136,0.7807247056582907,0.17168799668381526,0.5189554207053708,2
45.74433722264474,14.24271524057893,16.3463100088802,2218.5736347145553,0.8097024730766437,0.2855454147980469,0.2751985702664066,12.328482648543181,858077.2006483807,0.47055362072287676,0.27512625450520034,0.0533644159956827,2
45.55874052143462,7.739168288138123,11.322109898352894,2142.661299040774,0.12477085321425407,0.05718048107449227,0.7032199023543084,7.2782193169471325,789600.4655303648,1.1189370949023887,0.12006057659092265,0.4764528327207437,2
58.722941709285166,17.749781869392454,17.931254312908116,2043.1868591575453,0.2028586442111483,0.25080617858515436,0.5938116168428201,10.908640903631515,837034.743844968,0.647522696847034,0.15498749443600215,0.28645822800835813,2
48.44427364704316,22.931351001510958,16.56500421845076,100.18839017268216,0.6655682194500158,0.16634276033480186,0.8753941372701997,12.711356939620723,629587.8026837788,2.416888462076732,0.4047253299671244,0.5778606822869031,2
47.40221132589473,5.083426618512535,15.087312516371428,214.68705399465134,0.06685042220866788,0.2904495698417675,0.2992147128114542,6.4512137323795855,746741.8669877946,0.23900191694386352,0.4403866734218743,0.08560761585286131,2
35.28338783225835,8.497039930460499,12.421206604999368,2333.0924147352835,0.7280992723570644,0.18348501694860314,0.24961199620905605,7.728200557434003,467479.8039333016,0.67833213093464,0.12141213728818726,0.550353074943901,2
32.987328581658765,17.107150203338282,10.025144510874298,1528.1735365438544,0.7819845004598706,0.3344323388784967,0.5240123868802126,5.492311821653949,545446.5795141166,1.7693721618471239,0.149312535079788,0.5915026065938783,2
17.092137682563852,11.413149966047875,15.415719109684527,25.111798999079838,0.8918477115089704,0.2553354859664961,0.9461578823001495,7.6187546470649945,696956.143581393,1.8264152353450507,0.40707656161630734,0.20205150653327963,2
55.4155606799034,24.081485149760137,11.106793063524062,731.9232468892023,0.3387835359266267,0.04199512858844703,0.41956721802817964,13.112622754045525,591978.7524244175,0.39576176958263554,0.14359190754987408,0.5930044388216488,2
24.85515861212438,12.666220978154552,15.698200651424692,1370.417058937782,0.7635241354591741,0.07713127723132193,0.8458096228579478,1.5561786774090602,498971.22524894355,0.8420354582958067,0.10871323848676409,0.1518640415700999,2
10.098005192798013,8.830444329957803,9.611500127319925,1155.6556069552457,0.1691846374146091,0.2333008611950841,0.9944037009773482,2.0194384792272677,424729.6353122298,0.5262487364272915,0.16025841163615148,0.15959357774761831,2
44.96983803780216,0.09012806003530771,10.426943771305412,2063.511327959329,0.8237118834438366,0.02097865606010796,0.7587188494616673,11.208140584166383,427072.11362180073,0.708879204970605,0.3484363543716884,0.061213327190122416,2
59.54452879901518,24.80463106628805,11.19690608025629,263.57191639409916,0.6857715216232021,0.24824910231966363,0.9690248027305907,11.425529805311342,473399.954682195,2.0164102642419093,0.44056172523601134,0.508884554183067,2
20.98831071902315,7.460694186173883,15.184352915488468,1172.4707803160886,0.9137572436302775,0.3097878846506984,0.7595339788541513,6.069730610882408,690187.1241427995,1.5049629935078224,0.29893052773336226,0.28365868453572607,2
57.94209547578954,0.088815928911809,17.019768742045848,1404.3801337854682,0.19552420664808778,0.23226749809086375,0.8330658488900936,4.326336192230864,809547.3369001474,0.5686814865013952,0.4452931494349076,0.29173306360583073,2
15.70733493630785,18.25337716281508,13.507630891154605,1545.05374684434,0.941993450805107,0.195269849953784,0.4077670397863199,6.80600396392475,538859.9297636128,1.2134187089747308,0.5136204942556593,0.11087482357958037,2
19.580226742080974,6.68595889063131,9.409409852132008,1240.3352650336124,0.09160167721403156,0.2468919644775852,0.7851324186494896,5.847306472588007,819491.2957160508,2.082204767126278,0.5517864792573359,0.40879618181998645,2
56.659585608189,11.098162675047082,10.328440300902901,44.82380598369862,0.5772358423907452,0.08382869537436552,0.38813357971694107,3.8281512240381415,532963.7567840723,1.4777140670040998,0.22252304481066623,0.4334009285712196,2
8.504251785262928,0.28381941033366886,9.557010672034762,1378.3991489364928,0.6173793447767532,0.1980670648995444,0.12596424699332565,7.712142509404741,849235.5946770259,2.013341654659997,0.13629776537381813,0.31958939097547895,2
21.699922985271275,23.795724085489855,11.702190869069149,2400.7982866101133,0.41531057900573676,0.34213495004920075,0.6898056457016706,12.428932641616296,410997.1247215453,1.2066896091851265,0.5266759632080134,0.4929727418099027,2
43.7774450130301,22.176637256592922,11.423087514969968,1381.43968513188,0.9165096113822996,0.21971178940868785,0.2362355421461274,3.5084547464799187,758492.1391544482,0.5182714459656677,0.28868337213278905,0.22841324197206442,2
22.543591596128213,14.844785394466134,13.388394606095211,682.4284638921163,0.7998030486709399,0.12244844807660225,0.44461708704852954,2.410183040088234,763679.127909716,1.8062474764743994,0.5747812324072907,0.4926032377819872,2
7.5720834733180435,23.08628837292481,10.55824732322689,601.1178251811552,0.059801758363071666,0.0031526092816894333,0.917862267102034,14.994912987618802,538402.3445157367,1.7142179386291345,0.23939204944998024,0.22931824139522095,2
24.033960048725103,15.202880613855802,12.962221083200337,1087.1762243557184,0.19525274952785854,0.1675626811109302,0.07648417152341758,1.2161694877348395,791541.7472739355,0.37678178933247874,0.22032897449743685,0.07561114973284493,2
21.30296768334627,1.9641452530168912,11.498412031262859,2365.459687681027,0.8753643996971037,0.010401138567130857,0.7317281066924664,14.059350991400107,843287.3816659627,1.66386836061082,0.36482361947087105,0.056916665431560515,2
47.47627379995049,10.930570013190067,16.967571249467397,1813.486294786373,0.3398131478923331,0.23936511856592868,0.7466581603081621,8.078478317852738,803536.2307774441,1.0045518113332939,0.1877903469340029,0.4668164355348724,2
13.21664335681017,18.775522735131716,10.17329551178843,1750.69604690155,0.8524519102111191,0.06817389059866155,0.5566903661740851,6.612049890761289,676238.4411760477,0.9507721159062394,0.5447896609321697,0.38004154476151425,2
21.69735189403693,19.88270177838792,13.729326803577212,2188.6596210497896,0.7563175926455701,0.02966919487515419,0.4984993478353982,2.8796606872224704,816195.3665544667,2.0577197141924892,0.4881573211173853,0.10063790925729796,2
48.054847404237734,3.164329299854271,17.75979524959004,185.94346103486703,0.9882701914822332,0.3207510447835777,0.7230597630185847,2.7728965478888816,727405.3571882795,0.34591933910433725,0.521947749671175,0.24159991296459316,2
8.44542429727192,2.9087196449048394,11.467033480764503,1359.6135810379853,0.742546227194684,0.09493422116385879,0.23305573362996945,5.053496986929041,464516.7007848758,2.285972191733998,0.3004965398402346,0.15385005686913478,2
16.883134068579004,19.304314368686008,15.084894416478988,2134.2741617203533,0.3691300167483682,0.15840543113180136,0.22704426968421765,14.69152999969806,429315.9181472053,0.37759168440776436,0.27592794338164583,0.33436051224172536,2
18.59133868896162,5.7908712441749834,17.7297516755363,792.8747657922722,0.10594799881189554,0.18353164198963082,0.5954881996300916,14.27350709783353,822743.5107020678,0.8424497068050361,0.4783301681282417,0.5129190928425307,2
47.702664476897624,13.767612926907471,14.777323031698323,1060.7338808254522,0.10656338096080742,0.08388612721203734,0.2376470399724031,1.0997477228656645,767157.596687658,1.6431992918459561,0.5764138872278146,0.5412254644127517,2
28.478759113470996,5.326263395271005,11.80357895629664,1509.6244215735906,0.027671194532543852,0.2413141809923646,0.9453005500343278,11.369753739459798,899461.7102100307,2.0156442959220513,0.23993948245111776,0.4730544946768364,2
43.868323321824214,17.361288099691798,14.47517920153723,1567.28513473062,0.5760539684405445,0.19863606275685963,0.48246342000427944,4.718954559735244,736743.4454271437,0.9903899674140506,0.5426876042826049,0.3188809020170559,2
47.78931882370654,13.682172719677427,11.724089504514776,1870.1726314848213,0.19729151727195948,0.24523005148924718,0.07987542288197236,7.909056626606402,841768.2110517826,2.471435794051668,0.14877349012734395,0.05033765642063551,2
11.469250038974138,23.309144824181104,1.5908226277105662,832.543544754527,0.972379836300163,0.6181823416655398,0.8332807712524113,12.545486865442397,1000000.0,6.452249329753557,0.5939406813011191,0.5718028741029322,3
4.641502700253865,9.808929705828653,0.9372826682397681,957.713005891071,0.49175054197548196,0.6786335120262388,0.006255409757229602,6.3017461896795375,1000000.0,6.541539875469648,0.49505277395186,0.36947441770516254,3
9.148731280690416,7.251350263763101,0.7585571229986008,2101.611585879667,0.29277647489915704,0.5790195296314133,0.6826192206078687,0.5887890127948464,1000000.0,3.7535305001682873,0.17567998020018474,0.5561504995161807,3
10.867701720351516,10.129463093155547,1.9516587788006086,2062.5479366731975,0.3004853391849418,0.5715479373651762,0.09518014521638363,3.3201092546937927,1000000.0,4.269945523651274,0.42059017844403257,0.4496796771703124,3
7.167934854359083,1.444937346161515,1.478560573371758,1141.505590939992,0.9056599839363665,0.6015229600343541,0.34725381217658147,13.062226824815404,1000000.0,2.419216390662481,0.5879070483154961,0.30977251800806177,3
8.86098994088731,12.39381443928874,1.0006937801928646,1013.1684738484672,0.11551080548936743,0.4997051001328075,0.7104625219950764,6.478949525885515,1000000.0,8.200721890920825,0.49370005829211294,0.1564468300718788,3
4.017809701547705,12.692521228281187,1.4655012974276644,305.7358046309089,0.31655065074824706,0.5129480613860062,0.7136868326561109,13.749064353913926,1000000.0,4.395372729210065,0.250868466497701,0.21763759161941743,3
9.661883092277986,10.790161259205929,1.7069704892955517,699.0829290129205,0.3295480930906981,0.6130240155404709,0.004811869274086833,14.10114605318016,1000000.0,3.710470925835428,0.3770892795724299,0.461791062012372,3
10.211386458945206,4.388075618984649,0.8039871811366663,1796.9286214956485,0.49698368276511007,0.6800933808650252,0.2672858404185444,2.071463342713079,1000000.0,8.671428824712592,0.11974407295632591,0.07526179368023422,3
4.916845772709795,15.52660339908804,0.1644428038671114,420.60971806752724,0.9958854240730245,0.7076299343604922,0.7718573610390695,6.457739290523411,1000000.0,8.67024739166588,0.1651198082155895,0.42895206536314906,3
3.8213470655786863,8.48081662947004,2.2689392765195646,989.1870108261003,0.08490814719832995,0.5431589306064006,0.5349945406025929,3.4757886862864398,1000000.0,0.11089741823764707,0.4036801214248743,0.07873265748442843,3
6.901414602439658,5.489725433200748,1.3121924305701058,1996.2355545995058,0.8708812699871659,0.5126586798884264,0.5096788334090228,4.034555331186641,1000000.0,9.003403689849907,0.5513815963444861,0.2137846518530801,3
5.340006004932731,21.01323573148849,1.4488378065972485,2196.3208559855902,0.5799264525763083,0.5661904732484583,0.13211534079236242,3.2734249214036426,1000000.0,7.924080959972713,0.36335473808907015,0.4108334211478789,3
7.068308846643149,20.949848240922552,1.411377569601496,1883.7211314468998,0.7989795203814728,0.5443481427023183,0.6085431129128813,3.1103734873593236,1000000.0,4.08104699498128,0.17689253789175127,0.5181109942882738,3
7.888838766376102,5.753811898231579,1.5994872491954029,1296.6523671481252,0.3756132388618366,0.6226806412675098,0.9482024152431295,12.414867607441082,1000000.0,6.136667915203986,0.48238099651454336,0.5878636025859184,3
9.555713569331477,21.058003854340594,2.40033582501496,215.4125246201749,0.07393906393054106,0.7013302430254889,0.9613575485455236,6.103074787082884,1000000.0,6.8543713849278065,0.557161650259113,0.4360775436234886,3
10.355858298796038,21.556562898644415,0.8699807950655714,1139.1070627638028,0.6793111038562771,0.5407509389034807,0.8265592612338506,7.727393076493806,862084.0413945466,4.736952692229707,0.2639739410845452,0.21849442034893174,3
4.391471662563099,6.883158021730601,1.5848021091811768,812.4669128335332,0.20619684911323977,0.4678931297124387,0.6904919386286935,3.236596950710971,1000000.0,9.288953604590663,0.39823774633043385,0.4691066567496081,3
6.327450788941468,9.015976461270839,1.6278591832636844,1165.2579385787626,0.8575477190600592,0.4966675444722103,0.50589575869193,11.240242501311064,1000000.0,3.3075791647813744,0.5301700055331997,0.3886520487813186,3
6.06004902047496,10.837439149771386,1.9466863114056576,1773.247080231475,0.47428014052119416,0.694530537872986,0.06039676156568974,0.258128084823932,1000000.0,9.753973217305862,0.16152151350947294,0.06490045738682124,3
9.726466867741795,13.483668713164427,1.6374433369229477,709.3586579850955,0.6907137726093809,0.6686999327876484,0.40103585207544656,10.785010922672223,1000000.0,7.08660937409721,0.3534274432530591,0.09268445999458891,3
6.833935699892881,17.18076864096247,1.3585514246880381,1981.4386673557271,0.3099317796954959,0.6764020923272736,0.5178819928507014,8.2642555029809,1000000.0,1.0686798753912212,0.5501347645529714,0.5878184792144209,3
11.325808694376292,8.678747248733378,0.4905719259190622,911.9814005877066,0.7502239031908029,0.49830143397442844,0.30594541076307935,1.8536177758580585,1000000.0,0.47497343107111356,0.42616111067674667,0.5667771777067723,3
8.330059151068415,0.04882935082136941,1.2480375585181256,678.7096823833244,0.9111836590403646,0.7084874475240691,0.7854217019844146,14.622318705513505,1000000.0,1.2583316944559872,0.37993250249725186,0.40710964487335694,3
10.205651471728489,16.57585968631491,0.9196970393174358,2269.080944815815,0.8809975261959173,0.6757080895493489,0.7208786273187687,13.23866526692049,1000000.0,5.815614179990061,0.49071731514321193,0.24352429085524474,3
8.08656692507125,10.849650905254718,0.42532107190354523,138.12301969693712,0.4653734954118377,0.5915108574737682,0.16199312478826255,0.39139251779257256,1000000.0,1.307751235986389,0.392574448338218,0.47867143087347763,3
6.312008838543469,22.24632386961121,1.1484673294945649,1184.2328866540754,0.40277848655269977,0.5404993228566759,0.02034849338973488,13.754707787053658,1000000.0,6.508042525600386,0.101615156299766,0.1032098969344061,3
3.779705283933489,20.110185154941124,0.45040435695457653,1444.4790732174063,0.46888466088092906,0.6464448782509511,0.6229391318000251,3.5240586890427124,1000000.0,2.706075593729674,0.11992015142066895,0.24615083882223326,3
8.477072466336361,16.789159067801616,0.8977474178554299,2213.2426237072846,0.15738330810747814,0.4972530600633901,0.6350445455366398,8.419116750080912,1000000.0,6.2740502529841615,0.2349785389267852,0.4395840180639026,3
4.391884440864741,10.518076940984834,1.780458577032844,1383.1719557973336,0.5993128036975122,0.7237748013402627,0.043211024183563485,14.785147880067774,1000000.0,3.2900131341620527,0.3484730226027022,0.47692943318783215,3
6.0584444096952375,2.836707134037697,1.3678611574210329,426.03703274585484,0.4297429560821696,0.5783787668017069,0.2622138138176011,6.02505326764267,1000000.0,2.192821098561254,0.14043580531396663,0.3696637937787603,3
7.215691328668131,12.062898102452632,0.8214934310613051,1289.1923738013838,0.1883857958286882,0.7199213280848897,0.33670345602251706,9.595780355180471,1000000.0,2.7142938895585935,0.26159658540813246,0.24152247207729172,3
10.556529820817417,24.723364337161456,1.7911691685343323,2444.442359061078,0.398693800375152,0.6718793032362715,0.8593044512485332,11.910992310901353,1000000.0,4.484930093786602,0.5286598475165704,0.3201834493446879,3
4.182966258240318,18.515477167005404,1.5542070959903909,1635.14567187896,0.9975611810735572,0.5634076319628539,0.8040934756569498,2.2047244253326066,1000000.0,2.2699976783273117,0.5905387898139509,0.4897217670417644,3
6.0703740873658605,14.920088062292727,0.1625012553698943,268.99843365302155,0.0761241074202953,0.717361299917195,0.839103451280575,7.1169359750333525,998367.3993558949,7.673850139289694,0.4186226197463552,0.06825646621657432,3
5.23424651471202,6.7392503639644215,0.026746563146874125,1776.661099454294,0.25136711291267344,0.6445563775438354,0.0678047282056552,8.530093326252185,1000000.0,3.018972639174061,0.10515732610210363,0.4958861095205974,3
7.205114497857659,13.887601448315065,1.1220357733686612,1247.0875579632202,0.5460432017798512,0.578403825317632,0.5181119735110228,8.112048207594764,1000000.0,2.1801109018228955,0.10956365598163445,0.38937296638347496,3
7.94485574507641,3.47062565701296,0.15703545383794787,1994.8959553621964,0.31370184643615984,0.6067659007476222,0.7992096866979462,6.790968413782858,1000000.0,7.962917349467925,0.5359576633093387,0.34333148962055726,3
5.470131264060745,19.73029670022023,1.3602644997477396,390.62102655324946,0.5924431054781274,0.744563590030305,0.5560276776426925,9.75254735732657,1000000.0,9.622603120334018,0.44486288565617593,0.1259180568616149,3
11.153369310588468,2.48426814168958,1.6879098725470851,1200.428337019534,0.9246530735072775,0.5885976784856313,0.051917978742452076,4.221748116305573,1000000.0,2.9689229533262247,0.16837249255251172,0.22604590275926517,3
6.0040168152187725,21.979390708558697,0.4072919151264226,718.1687991776814,0.2421159119930778,0.643869607966822,0.913786300445553,9.634927875763138,1000000.0,2.555350690627611,0.4529604965427594,0.5121959802905913,3
11.365403572650976,4.351242736972957,2.04494116256225,1488.4234713463825,0.374045130259807,0.5827029848227488,0.3794933191966924,12.998136487806162,1000000.0,4.740315420277787,0.33661622236641964,0.5697376398316505,3
6.017437998737635,4.785271758234319,2.213913503079663,2032.6356631594135,0.7855434077687357,0.45028678671954336,0.19643824414972144,5.219628970043333,1000000.0,3.6297916363564764,0.33367290253274373,0.30654826861401274,3
5.143228749219736,2.6859976284578813,1.2407824653310855,2483.5505500059844,0.8814469781233689,0.6095014245999021,0.6437615869935018,8.418342696309175,1000000.0,7.221775884454984,0.365007495832678,0.15120900516836536,3
11.480973532912405,7.703832612329464,1.6345842198462406,2492.5278031770945,0.6946237237813171,0.5491359727622098,0.05131843916424872,5.34343355172101,1000000.0,3.9593155262275186,0.48147575890781036,0.42049240352198064,3
9.15271019702064,1.4525504483471674,2.211381057319853,2488.5884359256484,0.5100554947468887,0.6410882362541512,0.6996306814921736,11.467802706788554,1000000.0,1.2140058160490241,0.25407608074901855,0.44756504153568044,3
5.326667299557402,13.460368900063834,0.5198231462931152,199.5445940768295,0.28870111386751895,0.6439848468222357,0.7000175467684956,7.374264748539981,1000000.0,2.726021887785218,0.15154249209942508,0.10530417974174958,3
7.560322365434322,4.625161337042724,2.4611109658157875,1392.0459423914638,0.8646507331565855,0.6490759667639926,0.10169591210462237,2.0719253890139804,1000000.0,3.2504005846016244,0.379429132564277,0.3682838109631996,3
3.0655714634574163,3.9284261574188295,0.5225193296591915,1585.9028042267273,0.5074086284460744,0.7114204751329677,0.32049699917542607,7.274736402025816,1000000.0,2.7829356546359487,0.141581531554445,0.18931515706744456,3
6.936229779774738,23.650242151256347,2.3316268131386675,2296.832604716954,0.581868589950585,0.4556325041282977,0.7296546594833606,13.598088827138852,1000000.0,9.237585230596599,0.5607133595702585,0.05044967140983919,3
10.677826559639154,13.137027119422626,0.04284115657915005,1745.8629195553433,0.6324447777706006,0.48532211395500435,0.5093615763534547,12.096809611144163,1000000.0,2.62972316512903,0.21414898729925794,0.19197847644378846,3
8.835865636183835,16.036271061816283,0.5481091988199591,2351.3702826732297,0.7183717177966974,0.5341481844732683,0.8411187894846853,6.323876153062819,799863.0123280748,4.489399072105271,0.20268929853451548,0.4264705293883808,3
8.274263215681259,6.203292969720684,0.4305339261823668,1819.2556611403074,0.8290275151973521,0.7042504111651879,0.6928711756260449,2.099817147555383,1000000.0,4.006772866335288,0.3543130047581263,0.46508625910262075,3
6.6368718879679385,0.4528313862610156,0.7590922638329547,423.5551181841984,0.7075449687217436,0.46281963932548353,0.25082895938835703,4.411882509894214,1000000.0,9.197480324845365,0.43912527147679414,0.3556057597882981,3
4.96562575748781,7.448005358736554,2.3490170286989187,1304.302598598215,0.910545308178917,0.6754271902984248,0.22189330161389553,1.1185915358540783,1000000.0,6.616309782296699,0.18241929361416995,0.0941158018785273,3
6.268402396769641,4.3655220217407225,0.4825132839543847,766.3555796055563,0.5510263874561686,0.6835136616507914,0.5194181358847578,4.713431557250428,1000000.0,8.804508988877105,0.4825371339729102,0.5568803214952837,3
11.491308516450603,2.2445177848800957,0.7015191423164163,1163.1241937779785,0.6568383632446976,0.48625959597914464,0.47833517193618325,10.272657395134223,1000000.0,6.982567830952332,0.36462089381792406,0.09459086548140541,3
7.671475827868694,16.820973505629226,1.0001623955561652,944.6664683521059,0.3481235844823036,0.6440584441464031,0.32473468356997115,14.649123110980074,514947.7280312393,4.936466188855773,0.55703026801255,0.4516689948757887,3
7.150431922376944,24.410438111468945,1.563757803666975,1034.1293017295898,0.04177175631006114,0.5210483281462478,0.700884576611692,2.717800161807798,1000000.0,6.8746113119731485,0.4576920581025222,0.22901696613639133,3
11.658985270165106,11.958216714104477,0.6993595370472622,5.452064680384339,0.2550514633008383,0.49423404517885633,0.09497139404441857,12.465316144933714,1000000.0,6.484573599257605,0.3164139403066356,0.2966436951587316,3
5.883228016072817,20.170202274778866,0.4078883606976319,249.25765011319572,0.7333816054133266,0.7091484762644094,0.43538299145014125,14.278598245615225,1000000.0,2.6565998946793488,0.1667844185317691,0.28083749422770193,3
7.143940299224351,24.369458050630758,0.7246660838315316,1192.0072689989074,0.35788782364338834,0.5203092067654576,0.7191805666561796,1.6461867202555442,1000000.0,4.088481012686449,0.2603849627379873,0.5624957046013664,3
3.6042559993620658,5.790145359368637,1.5052457216874044,1167.455863953994,0.4570983457074269,0.7296876399103489,0.09046733031564147,11.441756859523728,1000000.0,1.7961934431947595,0.36024207744693515,0.07510677313028763,3
11.733014085706426,18.630004704825716,0.9768057503506997,783.8476677467696,0.128053970973379,0.6045915062642321,0.933564738648839,8.4529664987091,1000000.0,4.60296912853277,0.16048652527495214,0.2218557517511352,3
11.722854297208233,9.300877554551437,1.0071524019348468,2107.094979101601,0.6891113332931234,0.6577128893515396,0.5029381458430028,9.331042827855326,1000000.0,7.372139344559144,0.13927893307020936,0.17282521093077374,3
7.0746494057268094,13.159891878976907,1.3787747441373788,138.06983147568675,0.8715499605099964,0.5289370636547976,0.2795906849671358,12.318461991625396,1000000.0,4.948891032595829,0.43000694500202963,0.15187100290524605,3
8.27662914237598,10.550358473882165,1.3741151110157017,975.3128092402591,0.2868119444036866,0.6797540957943177,0.036866494889504664,10.713912709572853,1000000.0,7.684075625623399,0.3377755246399776,0.18830843721464585,3
9.194901512153514,4.02545528639662,1.0577353387165036,1745.629662280685,0.9679160494677677,0.604182231396978,0.8097533098979934,2.68662040990781,1000000.0,8.846968568434622,0.39683228092605505,0.32222320388282266,3
5.4034034498242445,10.89714508242356,0.9598733478341268,521.3415363832532,0.20579001793251406,0.5087986622206226,0.7969498836548761,14.533409304059935,1000000.0,3.9725449716350245,0.4247163137341057,0.37961757831001663,3
4.802224174402546,10.350294215178543,1.6514783100046246,2297.9123765412023,0.6181577899016579,0.6887277073847033,0.5390535485627597,14.252711891093561,1000000.0,4.198911068681529,0.5329777442540828,0.2898617771462795,3
7.283019043408405,20.226611770642396,2.3589253789381504,263.51581779924163,0.4007652861257669,0.5583468211331235,0.49854679741999275,6.418801156676024,1000000.0,8.777531608873804,0.24497595841505262,0.5577174393176827,3
7.162135330063131,11.307544693503333,2.442033514569125,2337.5109797697337,0.5723806124781403,0.5709307007609332,0.8262146914454885,6.469315776849857,1000000.0,3.3940805113946633,0.2683713875461887,0.05284476043182,3
8.566351428235047,24.09515101849026,0.368015057873326,1256.9308877222445,0.4907973801207215,0.6154666137879872,0.9301364890984375,11.032510878558734,1000000.0,6.462201771111971,0.34373020590522896,0.4561574494213374,3
7.019055806369409,2.1567003975520165,1.4079302372933942,1286.4512641535414,0.4767849155387458,0.6432494097116341,0.15106961782467632,8.008977703268888,1000000.0,7.006253805927417,0.4641064415836196,0.18685865220064796,3
9.927532790155444,24.223495791993887,2.094283508171751,189.52812550718733,0.14501979622937067,0.6968900304212367,0.17955844859590586,2.5921153427553243,1000000.0,1.5327306054752832,0.5242035759621506,0.06950711520946679,3
8.377556792028475,10.951692138910188,1.4690051644054614,1703.6217710682697,0.006856563804950588,0.46148311083217713,0.768984143680288,4.357848618711289,1000000.0,3.8074225790998035,0.4055273712573496,0.14491364431179382,3
9.145467054001063,23.102902331787732,1.0032598868641849,2240.707145609506,0.5872416831624214,0.4906540750204863,0.7480250832527205,5.391878322777367,1000000.0,3.8085003671824156,0.2666023259061646,0.11162592340393453,3
8.081548542808871,0.7561839028494305,0.4624738217776292,899.2069328039298,0.302515685754401,0.5133964415104966,0.9262682378510145,14.937677253395577,1000000.0,9.049984902126381,0.32820104471895795,0.29114696959427483,3
5.439625121279185,23.945517131995853,0.038965789842888565,236.87373187631505,0.356089995571934,0.7229689820407437,0.5873653054513874,5.3714111331575864,1000000.0,3.7237069090778148,0.5657495518612315,0.4816191558090056,3
3.3685270398734515,9.86140744065637,0.46685451937483885,1764.0598223273255,0.929881271863409,0.5770003071788318,0.03906929641646195,7.197124699060175,1000000.0,4.856485795982967,0.4879193662261554,0.07447635790335325,3
8.392917323360969,1.718608102807112,2.3151320930915116,794.8478561111549,0.4084836914377158,0.6359551383267997,0.7985799734868627,8.373311109259824,1000000.0,0.17627675205191196,0.5641766520657102,0.2865785685999768,3
6.5267602088732115,6.479165269123574,2.4642039866869485,91.49243960723086,0.8863836703043344,0.7451213538617985,0.8025173644613125,4.783485972093136,1000000.0,6.4894865292232335,0.3626142851176861,0.34977927236540357,3
10.514505084433779,2.388558810179986,1.9839617396446045,2478.0585889572835,0.12354104895372953,0.4948359704839552,0.6124170245613033,6.680237151179643,1000000.0,7.894876049557797,0.11515813364340335,0.31050794043951274,3
3.0817897597875863,2.600229561308079,0.5596014431538512,1373.9692981530159,0.8100929494738736,0.6348798906980491,0.5362352063742333,5.563451112259933,1000000.0,6.678759646951527,0.5813849294218251,0.20103455020046773,3
4.721025482438035,9.799035460892554,1.2341640828861464,1658.3254157256506,0.9833891695232363,0.7320558980905789,0.6235619959712916,7.757418559023697,1000000.0,2.4905091088474705,0.4554373154449112,0.20582564039056994,3
10.33847996579379,14.365176643438671,0.39846215457074424,479.3408470169447,0.05115696300734096,0.5442232799292418,0.9940595444795665,7.665741043377973,1000000.0,3.545634822752942,0.45344598316913154,0.4754025788243665,3
11.490484659641755,16.092258843535127,0.17201583854966424,1723.3616527746644,0.831437897522449,0.525413929749031,0.9244815067456212,4.177792960377065,1000000.0,0.1979446952391673,0.39683949393186513,0.5528021029223765,3
10.5344020666098,4.897945291334266,1.600617278705034,809.8332777316059,0.48508899330679667,0.584183050887977,0.8878410125345095,0.20382665642285192,1000000.0,8.078050372838792,0.49662990222086967,0.20694127795853878,3
4.2877922384076586,16.593389787125286,1.9178824931932812,912.6874910403127,0.33794227613075345,0.6446745325942655,0.2954427018155872,7.2025866667198954,1000000.0,2.9475486606409427,0.49760108958937,0.45779271494228607,3
7.385102235463773,9.001951254767304,2.375434404103606,303.70154649865117,0.7594974592096878,0.720585369881073,0.8354413377978971,6.196599339962409,1000000.0,6.602772399621296,0.22398341963639526,0.45204031048050036,3
7.373549657886588,13.543094805560916,1.1023436933214348,1294.5935239529665,0.6926116592430234,0.6350496764212168,0.8134593324269397,0.012272963363885725,1000000.0,3.6986678444536376,0.20185547927979583,0.41112730792552404,3
11.228817677745571,2.446267685919662,0.5658801959786661,362.7408261096998,0.9328713847953978,0.5168626168999215,0.7542510399787855,1.4852044714027857,1000000.0,5.210474307433192,0.5785169792943167,0.5561131865184145,3
7.422139993016541,17.085821015867232,2.078776795119553,818.9515887300886,0.12431121994647154,0.7157456306526231,0.7933803628853084,6.056566888074823,1000000.0,2.403211348896721,0.5540374722085635,0.07900183549280901,3
7.043123197498276,1.8350008684604542,2.4047055205149945,1957.6188452191097,0.9564816495223716,0.7471564944968296,0.9759234085474521,3.1499299900959956,1000000.0,1.125195315381366,0.1688958977577902,0.07408492220327773,3
10.436828939204679,3.569968044257707,0.5882364136329852,2285.3383531657482,0.8053367467578542,0.5498149621826562,0.8342465544015686,12.544864080105908,1000000.0,0.5129166236859403,0.24739934773002173,0.2834910674830378,3
9.65416151041347,8.514186081762723,1.383397149051266,1499.478369530563,0.8387122058914519,0.5856310030516604,0.3375730876685691,2.4826693177506067,1000000.0,1.6794563984813935,0.4708836563861618,0.25029476854104854,3
10.799304590262182,5.446724117746365,0.2700919363257301,1303.3232073058764,0.7991132799019506,0.5970198205370445,0.22157566118827687,7.81072058930239,1000000.0,8.36130578446055,0.5773784969993693,0.4162135983900337,3
11.47658557152305,16.519761959286356,0.7214024415348739,1344.2836509733152,0.37528476801035904,0.5857892237997324,0.5498000965525159,0.9678707749884319,1000000.0,6.2334308673022845,0.23027265718163173,0.5111768481239998,3
5.59786315917702,3.4014669601140133,0.017777356786461973,870.9144551380122,0.8898603608153562,0.5552214978912113,0.5498738386646073,11.238133289274018,1000000.0,6.8817528208381225,0.49766480477441777,0.2595361360751988,3
3.824893001645287,13.035071557079462,0.20465465653753845,148.61115849405192,0.33882489237552693,0.5142506847621461,0.07670040995975691,5.630102954385425,1000000.0,2.5445219198694677,0.4143119858591656,0.0797229092422128,3
46.30216059280856,5.269349714285562,1.3717162711290674,6327.132112618705,0.9149279868078165,0.3218648351087386,0.2642181270385794,14.094009816788745,1000000.0,8.431407246279422,0.26274621526533926,0.6626713093051553,4
27.779577865728665,5.638100324655412,0.08158209473445838,8219.788289544227,0.544505837530535,0.15946574943073974,0.4289124566031993,4.798583423515536,1000000.0,7.8186726161280475,0.3035973327228195,0.9079204179204443,4
5.406187629120131,3.00640678759293,2.487958970790565,10756.435652265973,0.5844494334702093,0.33658777594478606,0.39029635896503156,11.24285653497003,1000000.0,7.238988361693127,0.5393977788669945,0.8450627595984682,4
25.253874495335875,13.28607434877134,1.0446854313852727,8175.8297180492555,0.9611326787817859,0.06528402259530099,0.7866554571494276,14.631826735718699,1000000.0,3.9285463295002625,0.5452329749771592,0.9065354781763438,4
11.715067584230766,12.742513848984,1.524664651740182,11726.600695941945,0.8771375616167625,0.20819859434208293,0.7228316208568366,13.276611060087605,1000000.0,3.469896113303542,0.44447073665642944,0.8099005581466013,4
21.959532050522228,21.161470260989457,2.02188712490394,4825.579386737878,0.40917830668279587,0.034939301453828474,0.7647643412668974,0.8797551618068483,1000000.0,2.650597466626765,0.17335027115165322,0.7238333540986587,4
6.837493382317468,9.104787676642633,0.844327687422104,8246.404943102563,0.8957044031965942,0.15509093624029052,0.14069162089180431,12.724353585417582,1000000.0,6.728344868957017,0.31479472566202427,0.8020028468705795,4
57.90502925749976,8.055020564587833,0.47038098019669045,8519.009921661534,0.29656613010974686,0.28868110482424175,0.10123368492730933,1.6037116940364355,1000000.0,0.8156554646050747,0.262690662788689,0.7548129745139244,4
43.813593524238016,15.483465527393072,1.2746146856742744,7394.521568241249,0.5288208805586111,0.2359708818811473,0.8806172663214153,9.30202595364053,1000000.0,2.962963831629052,0.2824860924131819,0.6461980242902434,4
26.82128549067906,12.112211072978294,1.8782045504221434,7515.0272317114795,0.3711627961747419,0.11304362898032076,0.38162272559972354,8.238829115529501,1000000.0,8.440618319330689,0.39848210321759936,0.7303410579643125,4
50.996664536164815,0.15096638052485012,0.18874283876740283,11480.79492552964,0.330474951642149,0.029824308927725494,0.30518553687365213,4.6327312984220015,1000000.0,5.064321038712426,0.26828456100142306,0.9651614348053694,4
22.43487666894498,3.160847615327916,0.445374039160884,9742.819735974586,0.5308614738945192,0.2781071938776659,0.03619750677204869,12.881213648735907,1000000.0,4.919916383678976,0.33497036762132615,0.976113966113337,4
31.687341564744255,22.809281918592596,1.315199204570163,7140.614658973431,0.03916716110741525,0.01481721921814335,0.10549715650805314,10.159973866691852,1000000.0,3.577685899290049,0.17469179743637955,0.7394219504638411,4
37.67507218874014,20.630164312614845,0.2959226786577823,10274.17988203689,0.7773249131911529,0.28173956036503495,0.9973743415487221,13.645848168644047,1000000.0,6.320367544459073,0.1689747429271242,0.7037005183278835,4
28.950891273477357,0.7841340615270753,2.3882709869251366,9531.745989010948,0.5946934354194564,0.25371042392093884,0.8338226144393974,7.160381247280754,1000000.0,9.176470697067282,0.38635086165152777,0.653645144328944,4
22.991653743758395,12.78746840558127,2.244973805581847,5930.8300554323005,0.5757653950680583,0.03686486712017817,0.22215142500543905,3.561719586209075,1000000.0,5.086648432077942,0.2774509214732379,0.7406195185047384,4
43.139320958309156,14.569404507309978,2.338224055914277,10914.002514126976,0.5983853859277135,0.310828368279603,0.7034659324948535,11.351111924139754,1000000.0,8.984355689082443,0.4584660577692613,0.9004492902917491,4
35.63797301106706,10.639477642505552,1.1749094642240872,10268.530536142374,0.5687375690335832,0.12594823029407906,0.4187909654119659,13.353399753994676,1000000.0,2.1138003988919327,0.40193399185647405,0.9742935402594189,4
27.679493405000027,19.086560233667637,1.8552289490219998,6151.060126276341,0.3305930049637015,0.22030358181802615,0.5667240392622699,3.5930543740107694,1000000.0,0.8060517917112755,0.2199469954929539,0.99017183850145,4
37.68695020948533,22.068446110869157,0.7894799895276866,7835.866243748771,0.8348717773344219,0.3205577894153405,0.17827154930143507,0.6937492263158002,1000000.0,7.131790616358518,0.47519393619401096,0.8709587063807169,4
45.70405955715294,0.07088810267431578,1.5487516094104639,4039.7876351477057,0.9978838940689826,0.16867875253589013,0.432085987462307,1.4681959645698262,1000000.0,8.090134392613427,0.5371834303296046,0.8047582836507221,4
25.80754376707396,21.552138986703085,1.003323878935798,6866.8882691140725,0.5380722224449811,0.1415098019119512,0.13860328169537572,5.563924351419315,1000000.0,8.361023909026404,0.5105974679249027,0.6124243237411015,4
12.672233402407837,3.3325908835653673,0.9807418746334545,5476.829566997587,0.9027077785899458,0.30945225390923226,0.11791711547109585,10.39592485630043,1000000.0,8.593271531372823,0.3269518935842225,0.7944728581198555,4
34.55275862736301,0.41425250151868875,2.236754772431141,5269.702337130576,0.907286748622334,0.2256517723796179,0.7382584216917351,2.83403335432473,1000000.0,3.138191372108088,0.2489811718476466,0.6882167043020555,4
37.228815026720774,3.710941206028706,1.9507357647869443,11246.421925491624,0.7963883663178503,0.06911414956589648,0.9248979160059978,1.8196860664979901,1000000.0,8.524961616998455,0.5386644811896535,0.6314021405077709,4
2.5934356063177577,21.933996793477828,1.9833986320044252,7172.536089305509,0.9177427001051663,0.25412650880793025,0.6785381915281541,6.26652859179374,1000000.0,1.3388879489809167,0.24491655843949636,0.9834656269785892,4
32.965994463111116,9.798011421272172,1.1176785058879533,4117.025360123758,0.7885355327349091,0.0571752245605746,0.983174127517645,1.1482151922729829,1000000.0,4.320131093618277,0.2046317150747821,0.7169809911897155,4
51.28148615615929,15.690093288225954,0.18321292935729788,7534.572373860543,0.4444422214925666,0.09110365382782915,0.2248113777220797,10.965066630952462,1000000.0,7.6673687924514935,0.5123611587252666,0.9406943696647473,4
3.680272544404186,20.301637068073354,2.236625718946793,4704.861538085379,0.5999759361472365,0.3041314385111959,0.11809521206067741,9.95181474192842,1000000.0,2.0689344452569705,0.32422533497730466,0.8548297298329633,4
23.05606211810166,13.281734075495757,1.148110105371174,7498.25013310475,0.8494089579466693,0.293305002900279,0.3968028581236057,0.3147724435836369,1000000.0,6.602198086709363,0.32900856385908783,0.895820537713355,4
53.94154785870053,11.524493403900706,1.1241535644005674,6583.804871732305,0.4072420031435793,0.15811000828010827,0.6686691277760461,6.674513638009273,1000000.0,5.889102779059243,0.44812911149772205,0.902416305064596,4
19.409670382923203,9.468305640225505,0.6466649971192582,5331.008312726755,0.6997164387391839,0.3218153067940638,0.04565239438678115,11.278724350066767,1000000.0,2.2057480406851373,0.5208190591881078,0.984550646354893,4
56.32186998157309,2.191414921065016,1.0579137688735254,9461.251470042997,0.15018851755330698,0.2911301584703716,0.8192687143525762,1.75151669204895,1000000.0,6.235019750311025,0.2204021136817703,0.7607510559772722,4
50.35251164683273,2.829546402943006,2.435981710053282,8906.6446227809,0.9722580891474599,0.31485490417525,0.5752007973338187,5.435161125957024,1000000.0,1.653839825992148,0.583701397138125,0.7956475551237341,4
35.46970091110818,5.528158736580668,0.013530607461964828,4777.883912737278,0.11894633642533481,0.06378025026600224,0.5163858427374887,10.373127761711318,1000000.0,7.568780432504629,0.18518201383646546,0.7154435038769029,4
18.85716131567344,2.8106183340089466,0.0164282821276987,5285.332082947166,0.8795117291023025,0.038752079081672705,0.34858110553790866,7.814297132382264,1000000.0,1.1099215118684342,0.5641799658496335,0.8669937880841045,4
48.00151560734479,1.115613817006564,2.0369759597705994,9776.260861276649,0.2534588239083648,0.14427164123849306,0.523655123796064,12.510393033089022,1000000.0,8.26518507864811,0.44714946881952355,0.7745521138175476,4
19.160732796331757,13.484182396509167,0.13920273412169865,7761.117770257351,0.010962208231178217,0.10317079507498263,0.11865262591336112,9.518879189286336,1000000.0,8.382658071711772,0.43541800415312826,0.6733879575289308,4
7.523242885195794,10.864801949945374,0.15284217877267386,4930.95388086061,0.6713581782020541,0.24450208609134094,0.4589504801776325,11.382511640251664,1000000.0,8.752673090524263,0.4311465247785343,0.96858787921798,4
5.525414752259148,1.8254784580738426,1.1108770307583113,8323.233035745901,0.3095360606566784,0.19740057046100293,0.0774019390063907,5.854920543207889,1000000.0,5.048090269962005,0.536399638710287,0.9990412643484705,4
23.433346572793454,18.88859180627605,1.357580221192346,5030.619597501328,0.03214043340419526,0.06622650826783077,0.3181157236416342,8.035491698785474,1000000.0,5.374068019834856,0.5195601836694496,0.9317330750359621,4
12.956876010642604,0.18897458913816612,2.0010578244953185,4259.450895283336,0.8893131905326691,0.04461408565813646,0.08412413912964611,7.446662113110012,1000000.0,4.0593904224235775,0.48606182656992636,0.9305573462597301,4
59.53628857495479,14.092526669861153,0.41498869298654567,9183.80783797336,0.4928238084800718,0.3301922890775332,0.5300844422146802,7.781881418550871,565664.5693137893,0.3670615927823224,0.4255978100133443,0.733927645897791,4
23.58884468793535,2.899209366748062,1.7391371757693266,8233.6784653952,0.7753494703547605,0.09384735614196317,0.9198138739014532,14.680260663528244,1000000.0,2.292027909347647,0.22709890899785476,0.8241348179203035,4
43.924181031163,0.6666814504837165,0.18076437738114765,4042.8889177027427,0.6598201716061958,0.20982807029318756,0.7737033625849873,0.5319188695770816,1000000.0,2.9116800590357697,0.4175429846279308,0.9468138608781201,4
0.16098053893541575,13.949245283780288,1.8981079942964714,7998.937064832951,0.6508342532107276,0.10602363585837388,0.7331363756542881,14.169822381559866,1000000.0,2.877564933318917,0.5196162100915572,0.88292331744241,4
21.59418299560435,17.310449165154328,0.956194841137078,9121.253667160261,0.10254743125706667,0.02879714033753082,0.828268634427091,5.689926182048538,1000000.0,4.466604378929889,0.2258024143576632,0.9477552931270299,4
53.721285312405385,20.255397922213213,2.2202633412501425,6590.941322983343,0.46450265367268306,0.0735871227350183,0.3052717408475545,8.61727211780072,1000000.0,5.33236725077223,0.3272119834881563,0.9914185013433021,4
24.247867659971803,0.11092460275864968,1.803877673926101,8840.301869315746,0.9716608208299845,0.02842803118833293,0.7222372790166196,3.7255564864896717,1000000.0,4.685475002406448,0.2222868507689487,0.9202392406385101,4
28.60297130864391,11.203457158558985,2.385836604055536,8840.988998739598,0.09479231035221392,0.11014933424347881,0.783205303358955,9.012065682955212,1000000.0,5.065856028378013,0.5184770062903791,0.9772173472272291,4
50.28483365125939,18.244560006313147,0.3271865005293259,6950.922326100541,0.03381811125951972,0.1050939919419318,0.07146355751222933,10.275752874124562,1000000.0,4.90200392919103,0.48975345898541034,0.9720735234322242,4
39.87373600517336,20.48159494806507,2.228088159800718,4660.207043576858,0.12657037778539748,0.3167438531149228,0.5931120534172768,10.485612123222273,1000000.0,3.2702564701502865,0.4622932711846429,0.7957949353892059,4
58.005561971138704,12.10876877688228,0.8938209861846071,7938.432653196975,0.23930858907357355,0.1759500480155428,0.041822147316711744,6.221388977874824,1000000.0,8.94374531757278,0.5627385536524508,0.6406016336548684,4
57.60046108936299,2.6109845310720163,0.45471366188613555,7012.269876231534,0.43625017492312335,0.0361797218652544,0.3624582166001815,1.8200315029300373,1000000.0,0.7751438031983076,0.3462148263053859,0.6211427372578233,4
9.89267545158879,12.186787191994286,0.5990951363141874,9971.055444458592,0.12911176066939367,0.17792276005901275,0.5249872176491344,13.60715377046002,1000000.0,6.324900004829689,0.510962953483665,0.9664868438881351,4
40.68291626991239,18.434295604743085,1.1975623108816542,7107.058476615448,0.38889824504691306,0.10852087909011733,0.15071193801676486,7.080791625705586,1000000.0,5.757901813980312,0.3912325673930913,0.6969690273634106,4
40.466607075196336,10.385217944384523,0.5684243717997994,6162.802928681513,0.9772582410483496,0.2187031131622338,0.4284860956987895,9.383510111676689,1000000.0,7.8244240220239085,0.16354597608503188,0.7585529321626694,4
44.365586633728135,18.419245604678462,1.644214146376367,7044.645936590808,0.3665513882150292,0.17393235723511435,0.7267037876479768,5.559858058924949,1000000.0,5.780017838442976,0.3855795764451968,0.6342813177531356,4
9.210014151841257,12.274694675749744,1.132643431070519,8386.908232329217,0.18940978022311172,0.10492173625451953,0.9666126207751842,3.468238468487738,1000000.0,3.2327881583217177,0.26407489044935084,0.7717035214654365,4
52.10378418181763,21.161449425940766,1.2459239334331451,11993.349410387762,0.8530227213352487,0.3427793277447044,0.0043952745979183305,12.475054110426527,1000000.0,7.068986754888239,0.4221170931913746,0.6019831488842783,4
29.412501466505805,17.03262811697152,0.4921606148204141,11450.191236110006,0.9069944596568807,0.02287083615464982,0.5101780453708274,5.129562835987997,1000000.0,8.281402065426969,0.5465025992487959,0.6408026148347825,4
44.470524565069056,5.849828726331349,2.2888958786629128,10088.576646283467,0.9398787904253897,0.2496502493619217,0.11442488212334823,7.332548182044892,1000000.0,1.4943844203643546,0.45435278831200754,0.8696778208234675,4
3.701394181281501,22.77901430582662,2.2632122047487613,7156.249670562029,0.8138501479510317,0.2570143524987539,0.6102969516762868,6.164315449452936,1000000.0,7.045733870642597,0.12267639075330847,0.6271608964690868,4
32.507686917429034,21.511688266756675,1.7386285761916027,11832.74922031142,0.25546766173560265,0.09190451556951906,0.4995510359796117,11.788068275919926,1000000.0,6.425508433593427,0.16974368579392682,0.8064973053789439,4
21.818860136436133,24.095720867784085,0.10472818143004714,7472.497244623901,0.9227162780314735,0.028632939425610012,0.7126050390879135,8.420452519597594,1000000.0,0.17096754385418816,0.531203746588997,0.7360425630002716,4
23.57344213028404,3.591382626766748,1.5049334592592125,5787.048809275075,0.6405083014552884,0.1729067562016158,0.2632301265203483,8.318254984902264,1000000.0,1.5751922049144003,0.36579628789720275,0.8056365758950805,4
49.08715178879238,18.5868411290497,2.4050744177136343,9354.55902589138,0.15969570719885517,0.005039456138503873,0.7385822779197215,12.29745736343272,1000000.0,0.9545300576186588,0.30417453764292945,0.8529370660364237,4
26.602639639763105,8.416846716549548,0.1672286944317697,8500.886492081052,0.8529596046601805,0.21973631548591827,0.41066596502134833,13.651253512008598,1000000.0,0.5056882344806728,0.5204026554455818,0.8554329497604926,4
58.60292988041162,6.297630511683266,1.0706943898135286,11481.634237670005,0.5338091200102987,0.33210785751884697,0.11115367204386417,12.681435492645578,1000000.0,3.633616966468928,0.23565203097897627,0.6025464944941807,4
24.57105060450826,6.1760176092331225,1.3581450778183755,6944.220061490101,0.17817255108884145,0.2670358703707115,0.6791432902338985,12.987693738993741,1000000.0,7.629624162599627,0.18542912106357615,0.8985601116402948,4
55.67112422732014,19.755425531943835,0.8870343625197965,4564.087969607386,0.0010927144641841302,0.29996865832142905,0.8471251208340213,11.986687463404651,1000000.0,0.998164372920272,0.506371522387886,0.8412259077303997,4
17.628337028223275,18.769095522597315,0.36281033781179,11935.860833447496,0.5716875833515935,0.026657619352855343,0.571198213984686,12.342504000192159,1000000.0,8.234315799768398,0.4204176166339817,0.8925272019085777,4
27.613029814265094,8.162335770011886,0.5270759010653778,7326.15151084512,0.983673720348301,0.31645743700456674,0.7240874452660812,1.2788222034359458,1000000.0,8.94054341950446,0.42222847898172444,0.9687086490819011,4
1.1805681049288697,10.16797993363572,0.31529365596221604,4071.2461802075036,0.9406664699979984,0.12116162109003582,0.4116114417087159,0.38465235899589223,1000000.0,2.6437911486064114,0.13578699550805132,0.630338291626995,4
44.93660855936605,11.439674398595843,1.4405063794960227,8698.34051199309,0.29484382070674386,0.3038123552720341,0.7777437642794587,2.0298020681090705,1000000.0,7.181857684010445,0.2619661125359528,0.6455378031437857,4
6.528922041139847,24.933309022324462,1.382263525569055,10681.355516760159,0.014308478911022382,0.09489273608771062,0.9753899492189868,0.22166225490300895,1000000.0,8.533659704482407,0.24411721391347738,0.8747949738229215,4
47.63286069948303,8.36493226539454,0.21238485834131876,8024.023587955836,0.9139314429555082,0.22450522480449123,0.249756440165102,8.012958237138555,1000000.0,7.677221448692433,0.16388084181531906,0.8786972648184732,4
37.07404446842584,14.524382495224753,1.0483320630961388,11899.462824329617,0.7986883696488225,0.19495875201524762,0.2254676782254711,4.681614098042287,1000000.0,5.6340667246487035,0.2477230568857631,0.8755944929488033,4
46.04134563295103,1.8761471051923966,2.051696860581261,5835.061966139445,0.9880198003427718,0.20068600055104058,0.45823112497469076,5.116315409470996,1000000.0,2.7408901345120125,0.346412617320751,0.7984196376640206,4
10.638555789079474,18.241917532996794,1.1936471264660589,9507.731181684565,0.6302800168226834,0.13229099926680568,0.7494126628094513,5.558415743785768,1000000.0,8.789437282031026,0.25333273913949983,0.8658504985159684,4
54.337591980972356,9.382863300244898,0.4511029362360089,11947.448640439983,0.3156719775287965,0.28031379786159116,0.07981705931587835,4.082748243142439,1000000.0,9.201714020268536,0.5608396798724666,0.8232436735642706,4
57.54146387372183,5.839852908023876,1.8181985532431812,9384.827330116426,0.796599380256337,0.3492227362888288,0.9876282054066161,12.494601805848319,1000000.0,8.252058563692307,0.325789385802177,0.8140145769232136,4
21.38954304243678,1.5203979260843714,0.07320166316171939,6055.7136960196385,0.45672374836461127,0.09514599025997678,0.3017858962779083,9.849163602057962,1000000.0,2.4684626949322994,0.13078468573543692,0.6243478356590111,4
31.503835107053458,21.997595013415868,0.012396538150186709,8385.767189359674,0.9895405118873101,0.21432377197863595,0.32607565332215505,10.482062996556651,1000000.0,2.5684711863524603,0.396844034092355,0.9087081778520297,4
42.87364951862331,3.7959815088072277,1.5959907118195176,11221.510558468473,0.7286193287729431,0.19471525023608885,0.7880277700656969,6.547186134620267,1000000.0,6.256185312030686,0.21836610210107563,0.9932374811786583,4
48.090657564637496,5.244590792416096,1.331482402177363,11284.115968972237,0.42245074384712933,0.24671905660468402,0.028752593546594984,9.426156144730417,1000000.0,9.77128599227428,0.1698520257375117,0.9055598920195939,4
59.157596882818666,9.252069852123787,1.800958329308132,7491.626088124029,0.6575840662955769,0.24974265907662016,0.9165011135029876,2.209617832505879,1000000.0,2.6605259809375505,0.5573114825644986,0.6579096488459042,4
21.979138775821806,19.520571496335062,1.8396302414848686,9329.516687423733,0.5412754553570007,0.3464207597307874,0.062249328465631804,1.631048534191516,1000000.0,5.614191987361957,0.2783884587199281,0.9153300284191461,4
41.14735525607749,3.1356912425394343,1.9829681337791847,7411.185476832954,0.10672231223838136,0.07450704604813209,0.2805705014163774,12.136432965553643,1000000.0,8.5963265060887,0.3324304233041466,0.8825682739990366,4
39.573175691736495,21.06428423683996,0.8351968763924253,5850.889538691138,0.8583272828471362,0.20791694365936372,0.5546091483060213,5.60092947370592,1000000.0,8.98981782299162,0.11979593986905038,0.8476546458368539,4
33.66604775457343,8.973636463525148,1.918037485085131,8180.10731155315,0.7515431012556362,0.31080718391213225,0.5729184363031314,14.275982567342712,1000000.0,0.6875979596497427,0.16272776841484557,0.6679025994506447,4
50.33413745703405,8.36702944983193,0.9501711077207196,4356.420119721153,0.8070807075077898,0.34280169634760665,0.5132722812734107,4.157879217399735,1000000.0,1.2280429310714043,0.18690640605256145,0.8480993549960221,4
2.346580941630889,5.156046811244145,1.6540328481140543,8239.673112273842,0.5310258052913042,0.3455623229499313,0.6002209823677707,4.911012273437992,1000000.0,2.0554588398204072,0.24404516755163666,0.7685120734165078,4
21.87021292480332,2.0374798991032392,0.36641167607974895,7020.048181879456,0.5094448401322699,0.13066799610634494,0.6361928556763335,13.400010468245595,1000000.0,6.425688841611384,0.41367148881282445,0.8984738993660493,4
28.225193644371046,0.7234734539172033,1.824364263660048,6807.6723657182065,0.24784005563435063,0.16973010202569488,0.866935048408407,3.2222929093560064,1000000.0,9.112506127093626,0.2964813216090959,0.9544078662546752,4
58.375689504823704,18.266885418721664,0.3969884423369957,11812.039550045221,0.7422699733519992,0.12525260212435957,0.5551193262725109,5.729278140113996,1000000.0,4.487038487425694,0.41851711975605443,0.9946003806444914,4
31.44432608018594,22.098492113173663,1.3515648559011013,8252.583390126867,0.3906755138393836,0.23713531308711236,0.6722917883935655,7.310901860284095,1000000.0,9.979969349815386,0.47133263824651406,0.9645971054368492,4
16.219252790765246,9.221677361081332,1.3670770857164394,7219.980234205432,0.950308808314414,0.2868426431104582,0.016800650480290225,13.055907926511395,1000000.0,1.533519494446924,0.23409380360699564,0.9316208947036665,4
57.61531318763893,11.810271740347012,1.7632167944985142,5351.492916023658,0.8148102999794268,0.08079410921059092,0.5541178596407006,12.701322115917485,1000000.0,1.0560169899268255,0.13467917310693553,0.7374403986894096,4
20.441696031402586,4.283749822807891,0.8825807086721296,10816.212775224554,0.400640175840422,0.01151578359659589,0.5575727869318075,0.20427713569534822,1000000.0,1.4550254014008213,0.503691025196906,0.603990201510643,4
14.155724446857995,18.859139246513738,1.0220261482970885,452.74008119858934,0.12453295013973131,0.9463349574726383,5.453532863399561,3.7328632856591804,1000000.0,0.6286248356922444,0.3629821037780063,0.16276870458116993,5
34.915663872619604,23.70104039887113,0.6239565356676926,981.7790051830549,0.3284447017424058,0.8072099019748067,7.217765472792712,6.599287826530051,1000000.0,2.4823992904166623,0.11129616353750124,0.22804443311244132,5
29.987669103789255,22.175216704998018,2.207214951700727,405.5753469947057,0.04611891043620364,0.7468302396411367,7.229633053095469,10.191083287319247,1000000.0,8.550967693555805,0.23812509406236068,0.3290701356128543,5
26.920457834854666,16.10173960957987,1.007267472637402,1362.8500766795387,0.4036281706234065,0.8485504463411591,6.479558272080175,13.636842515232711,1000000.0,4.080224138582171,0.36728451246881455,0.07637457283154221,5
25.56211285828556,16.924805195159813,2.4974210458286406,363.9221120907776,0.1226839984860657,0.8037869715703998,10.945919315683138,4.130856672020701,1000000.0,0.2453267886898022,0.3407496806633804,0.4618651649673859,5
2.328948565487401,23.232077872135644,0.45310332098044304,2061.6762386078162,0.7126913298618455,0.6288836820349577,10.412024934314545,5.305608482959369,1000000.0,6.6087092790850495,0.10431857165276412,0.490286383382038,5
49.026419084558526,7.381273022389756,0.8621266692240875,1635.89380612508,0.06586134925836595,0.9365106607949892,6.292276710013114,14.669393135795413,1000000.0,2.3827391853060975,0.3696103131451627,0.1185098756924292,5
28.88003106723313,16.409747397808466,0.7778825626695801,2176.504135569238,0.5798884846704521,0.7509483692640482,7.975489951955288,5.0924251307580555,1000000.0,9.169023275713293,0.4582035137010433,0.36180400641699473,5
0.7687218139106311,21.31787880841098,0.156130237353852,364.231013788546,0.29153214115583703,0.8106139704277628,6.801773414420625,1.0597712013000904,1000000.0,6.627972306479722,0.36048125934502573,0.3099600312240545,5
27.051347024622704,1.0073480024408248,0.30512445600028304,669.1424783073061,0.8126699391908261,0.85348222912691,5.359961437472677,11.613439415149749,1000000.0,0.5062109462400516,0.5585881357082811,0.5315618846064604,5
1.2547397861829879,12.300094592475572,0.29728947410724793,2279.6004934210964,0.9789789661359714,0.7188894097176177,3.8842804415676353,7.603362398895849,1000000.0,0.649738256906376,0.3834310080004587,0.28835913223689597,5
57.84726217811216,6.4108157967814545,0.8839980573356238,1667.5240694333809,0.6102950535838322,0.791570550853005,9.09872849240826,3.9425606093425136,1000000.0,1.987525465929233,0.2956423430655154,0.2508434688947967,5
58.005608748676615,16.862618992034506,2.142492549687694,90.23552400734852,0.9855413211740163,0.8535215245048853,3.0164331995467673,13.460239145774393,1000000.0,5.151003982091225,0.4088100502369256,0.4625388907793766,5
28.731555183580177,21.331356450383883,1.5206215749575613,1188.9708759819814,0.9839209565453778,0.6887064927526778,7.6434930774801915,11.897721717203394,1000000.0,2.0882991003320486,0.3424727819833523,0.24411286166535845,5
4.53020968918816,6.258269430001729,1.206354740147636,2224.4676808117297,0.8074662549252427,0.9146427372146606,9.92212683331124,6.953344852879466,1000000.0,8.572149965399772,0.20844547811763212,0.3070233657835526,5
22.172455181277954,4.046625328522757,1.3905796321079524,174.43227599238304,0.9869894880774347,0.6939191884832502,10.345270577061804,0.6374750000220969,1000000.0,8.086186974624866,0.4593320717951306,0.5840877382761591,5
17.312119229222507,5.027181934089669,0.13500996451904307,1295.7138054177378,0.9727790584683003,0.74045429204938,5.626512451613111,12.454257098368965,1000000.0,3.024959672967016,0.5262858499274233,0.4547918234818787,5
29.011777108505882,18.172699368295252,0.32141905112867103,1459.1932444443562,0.3161135715724065,0.6776830790174946,8.687040804958022,14.418141754420956,1000000.0,1.8964379615422442,0.4443300100129638,0.23255176469313749,5
12.771445103079074,21.4839116322517,2.4216656096980986,1650.2697437720572,0.15954175493973344,0.8036675011065417,6.400048125450546,3.6542745819443274,1000000.0,4.820251689114819,0.449878469382631,0.29158290366180223,5
52.52214360112109,14.788198059910496,1.0779542480505264,987.0161326053264,0.18221476107083623,0.8387210932108051,6.774053179508668,11.135342229714116,1000000.0,4.568301330800156,0.26044054177387965,0.15471539917892352,5
49.651388455620776,5.0037464080568475,1.238564454109956,1938.8769028269019,0.9111509966720903,0.7842279100730909,3.644860392519712,5.820650022546176,1000000.0,7.050844080961355,0.5096047500210148,0.5581645549344871,5
38.67853299886515,11.939522888122129,1.9189748387715144,217.35032856107367,0.1978290386114958,0.6439225531911497,6.071760536631502,11.371218222822357,1000000.0,7.7379117596728575,0.5475117260635526,0.4073520778452651,5
24.434154612654794,16.49981877508251,0.04860036289896258,161.5431888623847,0.10106237424362163,0.665169299096873,5.1367245100132415,6.852681360887118,1000000.0,6.157768777356756,0.23366230603906255,0.10191264432962108,5
2.737929557356986,0.4771887137669295,1.748969035027623,348.7535271819739,0.4344866387092302,0.7341506686662644,5.243928394033249,5.677802132896217,1000000.0,0.9048933425068898,0.3131195998515375,0.4793943187911247,5
2.2225100958175936,23.729203107804597,0.533459088707888,1869.9816921573715,0.8075495036054037,0.5707324276023183,5.885941758878198,9.84861047531221,1000000.0,4.144953092575314,0.39389490598029286,0.06976670717311131,5
57.639004176244,15.029763809959029,0.17281214920941368,2479.3772488629024,0.17767062137266176,0.6035606935705532,11.013245636303738,4.889372981405958,1000000.0,3.366036078394888,0.32806478936279126,0.31432758088415685,5
49.14211728515337,9.368809916155776,0.9045421264029108,1862.583728154908,0.24510953544063196,0.5587815499182588,3.399011877943249,10.287122261356208,1000000.0,7.653966004887463,0.4872013809457989,0.3505473577860213,5
30.697723154778203,19.027752856108478,1.124189099074964,2215.038696831271,0.3871912605697633,0.592183241681522,3.7695633032217337,0.8679958557315443,1000000.0,2.697799988126086,0.3560244925144197,0.27379574525704903,5
22.364661247067556,18.23490941953788,1.2417650562688882,1130.2584457283012,0.16439668805215835,0.8573126486745599,6.6976792961992295,9.37635684472012,1000000.0,6.8281028372320645,0.18826710211024125,0.19255576385374357,5
40.63809512385128,6.248761428702096,0.2237887121466997,1622.3034182925485,0.2435809306788912,0.9180333364676219,7.648418691713862,8.656263177457031,1000000.0,0.2039575700643822,0.35120345640306416,0.5207301221159105,5
12.941834247049815,12.67084729000922,0.9889823789803895,1452.023768381994,0.10242776188943992,0.686084399482505,9.707316262167142,12.420366856788707,1000000.0,1.8337623498101558,0.2914860319377063,0.3870601549460349,5
4.763058514207394,11.534486436623839,0.12433658603634545,437.11183201046555,0.3455551551572059,0.5977326607600948,6.085016003208299,14.118028616955229,1000000.0,1.2331836054093972,0.45007435015095476,0.451551822861285,5
59.03179483760683,22.518644595436676,0.6727732651338297,1182.673580320974,0.33860829398559067,0.8269483618233526,9.332597218572669,10.32101959521331,1000000.0,4.11211907317331,0.3813517781101933,0.20929732513284477,5
0.931119531159248,15.835833736813981,2.0344876973650288,2053.2397104185143,0.021113035122552914,0.8446434861701135,11.93676509445009,14.555208687773481,1000000.0,1.7290794259140567,0.17859285737365874,0.45427786762868705,5
21.446064518795303,4.837626212876608,0.19708475110042645,1402.7261504628589,0.0771478475354489,0.651984208346072,6.36919792145758,1.3789476126360911,1000000.0,9.631027470171874,0.5318498496398618,0.5021700093650096,5
14.604507018179271,11.843759115289613,2.419377315814037,1963.7916334633856,0.9266610129589644,0.6931022960836721,9.467200028871364,4.278354312532512,1000000.0,1.3025347026850098,0.3073057233243367,0.35372361983244355,5
28.036044621060462,8.561247518875833,2.11835335873392,1851.5775489490636,0.23305341720477446,0.7694105686423381,11.016337485983065,13.154004153227753,1000000.0,6.822487791886068,0.21433275147031958,0.5145931774291207,5
1.2748785774207683,14.421435745456264,0.09402774726898766,1692.992029144387,0.587411919690072,0.9451612915497136,11.056511330555175,8.833870472626735,1000000.0,1.1982969257670812,0.41022133313337317,0.5917711122214658,5
55.74245742412692,15.584519210183585,0.5752654131761434,174.69005969455247,0.3583984054874023,0.6692758184648695,10.104503903322605,8.360085230297607,924143.1485856825,2.2180744030923996,0.25909703665915773,0.537618364998956,5
40.12718437820538,13.810630019442508,2.247069956411433,1829.5628647052492,0.3039039196840857,0.6440509239447628,10.452898069828025,7.466064544118985,1000000.0,2.5867169434513673,0.2589945158216298,0.3935669825700265,5
29.224348640379926,7.823127907274449,2.0328838058741088,2039.4354554008762,0.8689867154158698,0.8388046123359565,6.8060674837944894,12.284645267086754,1000000.0,9.540401938249202,0.29977623814542775,0.3857538663732807,5
30.341791805265284,7.387715680799451,0.09375935690143583,1325.2025310038957,0.25401877715723953,0.5795180612692817,5.389145585942702,2.2731347320716973,1000000.0,4.798288235486704,0.2056640486935604,0.4772405218471994,5
47.29633796355459,21.959564588691663,1.7965100570394203,674.0588129321399,0.7174053759018244,0.868186851317394,9.564873494204782,0.4595674220658763,1000000.0,3.44205821836151,0.32302058721072857,0.5646288298876351,5
25.285843395339988,12.060567989892036,0.069550313961938,1527.530897606624,0.90829789283953,0.7092933489217753,10.317379102818371,7.643155531082324,1000000.0,2.7084372480790972,0.23387884911249682,0.12144105833535791,5
45.95847243396364,4.213676932782656,2.2126126133219444,2256.847706364114,0.9197896495753218,0.789240559081187,6.243088920642034,7.951912455348039,1000000.0,8.07631169422829,0.36567047088350235,0.0548479943210419,5
3.938820289511855,2.279023824030088,0.610322816865887,1860.8388306712975,0.6797325795336712,0.5691712628404578,8.192833778665776,7.191019301482322,1000000.0,3.6302877636838167,0.4420157384352933,0.450113627272278,5
43.45467595744259,6.758051780048674,1.4454848218903291,99.18320496897253,0.2069384214159753,0.63353669983524,10.060325728515192,12.043512876921302,1000000.0,6.454616519403892,0.34240970827017225,0.30277414520508744,5
17.335361247380852,15.172415192658356,0.050677694250723104,354.88428876019884,0.7626680442023558,0.6190619417781116,9.658366895946045,8.552565011175037,1000000.0,3.7326898211543256,0.37253430374083407,0.5209978886599088,5
56.808592250475996,12.026070074894704,1.2894621895283582,2328.9144334283965,0.7296515928263263,0.609203631965514,5.609383344184488,5.259404240529671,1000000.0,7.702637025731726,0.3965896158166241,0.5184624613625688,5
32.355479809682514,23.144678252909003,0.43974343546906297,1886.1120483510788,0.4204616003805065,0.8340163658283901,3.2049821918525634,0.3234185038204762,1000000.0,5.048539262282293,0.3017916335436788,0.11073793757090689,5
17.793073062167963,16.120795795268496,1.6662683091177357,677.1205098453543,0.07678124195717007,0.5995055671982279,6.385708766642771,8.86610985001948,1000000.0,7.578542646311049,0.1977958341972327,0.15699502202549803,5
29.910429494825667,23.61449517607835,2.2386504451184557,285.5124503857187,0.5810105770689893,0.8745814114589954,11.199118124266908,0.6017612888996987,1000000.0,8.113099878275577,0.43183233617361805,0.27798859636172346,5
3.1564405893860803,8.500229015581413,2.4357354978618235,1831.8632016676515,0.28265440073433934,0.8099288157574357,5.6757442825603235,8.433723347490115,1000000.0,0.7302375342970527,0.3573447623909437,0.16321738319413048,5
47.27132828240972,24.41192951988645,1.021286601731903,1328.0905865767777,0.7610490709667916,0.9349012046472621,3.741818272046935,3.2829195502405955,1000000.0,8.646784356036097,0.45579182464284773,0.4531494807512695,5
14.397960543585278,7.627491291550922,0.8336112717058175,1484.8221456741335,0.6263693122140364,0.8583274186477194,9.531522292138536,11.412318002091746,1000000.0,4.530408039589207,0.35788398975795965,0.12001608760289151,5
50.68608638792886,16.63701066715028,2.4087940937539125,1622.4634004957131,0.3361145209813251,0.6448195365383147,3.026529892816568,12.162811052160459,1000000.0,6.294441905825864,0.5194649964910372,0.5398354189796021,5
0.11086220597070096,18.420462677988926,0.11405224253465712,1444.8152469850697,0.4912526478801388,0.6258035784318441,11.5579901325952,7.689593311597926,1000000.0,3.2265826774266166,0.4518367452665969,0.5041218826948062,5
28.61336208366191,18.48115704588511,1.7506704124651589,949.3624076862172,0.18235849526303738,0.5729500285809468,3.3575809734793625,5.93036486708045,1000000.0,4.989875286980466,0.3518758195792965,0.15611640688411194,5
32.99637660045755,22.643016990321122,1.4229048251067036,1813.678113840913,0.23215445514185262,0.8764716772145273,8.195179445125477,14.04732055762408,1000000.0,6.543297308394178,0.5106599249317445,0.27769457061640557,5
31.700028313967564,0.2336502384844924,1.2440731434601662,1393.8456472231048,0.7663314813411826,0.6568752647531607,6.791976194463639,2.6475474469478955,1000000.0,2.786123517201235,0.3991035575722889,0.05046435128889701,5
41.26147483038156,6.949811405049481,1.0576811265524273,2066.8102973149475,0.7072013646364808,0.8575153577173491,11.273858693022884,8.616045572863227,1000000.0,0.5600101727040286,0.33687177383248035,0.2906257006052664,5
45.175804755255314,12.556225612467731,1.944688464065236,1925.2150725305448,0.1993598331762867,0.8962487897852554,9.469641382584864,3.3585932802446132,1000000.0,2.9134613811323034,0.3319823299412695,0.26275990981507097,5
7.9037784242821685,0.9041717918258391,1.3961390465009504,990.1613766121927,0.49866998695203835,0.5881194564194194,4.45263504932862,8.570636980685867,1000000.0,3.4793308658860895,0.5977175589196533,0.14901421930070197,5
42.3620452829428,22.588334980223777,2.355140782001602,274.8816219346781,0.042193790717104496,0.6298337795978113,4.718189033294108,3.6757874351134605,1000000.0,2.207324615348388,0.5143465228396621,0.5234195287327751,5
29.27363601099673,4.565165535596324,0.049881406298898645,2229.1847243267175,0.5743876770842272,0.6993428039185821,10.988459248982679,13.894281752622875,1000000.0,2.345561204024123,0.4313447598701071,0.2245448156795501,5
8.208919458709797,18.92469334910285,0.02555463985782075,2339.1963979834536,0.945330675860853,0.5701856448022494,5.310126204974097,6.629344239954783,1000000.0,8.354904271264296,0.3094090182731416,0.14856568556303978,5
5.561728910349,20.764792798557863,2.276436067138195,897.1891048957165,0.7903486566437361,0.9312679359121037,9.645820632868752,7.082825310653468,1000000.0,6.569098448993696,0.37300904604292273,0.21219257180269807,5
57.936065883371754,22.082149315003967,0.789457988626098,2129.607029701724,0.6901065621453261,0.6127584189757269,7.6110462437093185,4.8841199446361,1000000.0,3.550041678182166,0.33055832448361955,0.41257371537459353,5
8.669495629904176,19.932828624420793,1.0848182410211398,1415.78860856818,0.6958114724812805,0.7851536825826521,9.594937830349487,7.345901134417987,1000000.0,3.123333552809664,0.17082623506007436,0.23780258147863947,5
53.00004583711579,9.200423475526001,0.03418463833874119,2408.8185768015032,0.6161879215888028,0.7659320135885648,4.705034272145049,6.516761355214083,1000000.0,8.119901609021388,0.40312291762452934,0.15924838862443091,5
3.197955637844405,12.35735690231172,1.5442743200920583,653.6338202774635,0.40524414255162466,0.5627972901589509,7.203717207699565,12.700250688792146,1000000.0,9.484936048228295,0.5780072110473939,0.5575100049408761,5
26.58404010639672,21.395989511962313,0.4677017660370836,132.13232580180284,0.4614271930856153,0.7535657638847584,4.938414581362714,7.101637090546603,1000000.0,6.3138909378324435,0.5476651895263533,0.1265803067423549,5
49.062964003155344,0.11633981837192997,1.9323051960893245,932.6320329295243,0.805466298104648,0.5785776147491296,4.483714704250449,0.7188364272565823,1000000.0,1.9582289048537034,0.16456508725243466,0.46590560113583107,5
11.759325792133682,6.645018643673787,0.04605757416339756,2221.412752311296,0.1442265618177334,0.7264926968062075,7.727925403412842,14.955833582884752,1000000.0,3.8355567310593095,0.35099857917321675,0.18254437144783436,5
46.30163284009724,7.024210953998772,1.7813517059843993,2.347020921452392,0.06762967456606728,0.6540234643902437,4.855158994143034,0.7316395074635806,1000000.0,7.0362237245524835,0.1182872420174125,0.15667525669403062,5
23.4801663509164,16.6372083349501,2.344126296015048,2119.479509472572,0.08017168391241059,0.7011444960125024,8.55481273851364,3.2023606784785343,1000000.0,7.858404342324058,0.24044699069770017,0.21680224582234514,5
10.101171935003354,1.5277906308500788,2.147162524015085,1621.0336676704587,0.6100444894544699,0.7130688731354332,7.686978808472136,5.812301172972127,1000000.0,3.575928699274757,0.43525557207787524,0.3204108612044286,5
57.82195052128106,12.775800670401031,1.2535981190776113,2394.354033669292,0.5062063137129603,0.7245960481942636,4.4674647622936705,14.56457215661383,1000000.0,9.50291804308516,0.4572623499849131,0.3385625845197606,5
18.857203766725927,2.8901193251384933,0.11123100317247031,1817.424169441588,0.5826459984863636,0.5810730311103308,4.587325699113496,14.721696133117401,1000000.0,9.764082374778994,0.5674647473544568,0.5127102408130322,5
45.063788841013455,13.62037932160845,1.1440079082511327,159.855403434713,0.8074930899888528,0.6895623684267806,5.550307451145072,8.644360926657543,1000000.0,6.178168766098383,0.3227648390815937,0.12364963966114716,5
17.749851137711982,15.135040404542705,1.3542991128549062,969.7236284550778,0.3612167093019837,0.5843079674583351,4.090311020167027,4.418928934312383,1000000.0,2.6022537408541986,0.4681274280580431,0.18508373288227464,5
43.81963472936542,20.754718964924106,2.1182556333667253,501.1824152872629,0.46255986314899833,0.9216235047279009,7.696334017525243,3.4909557201412422,1000000.0,0.7497759270523637,0.2760742962534305,0.16867086023377498,5
18.322304021424536,23.464905503326072,0.42378538726286274,357.136944613296,0.9061191141921677,0.8349676966679818,6.138403708933357,12.66649088968933,1000000.0,8.940482410652882,0.20294356071044659,0.21791985129894687,5
28.759830005600694,9.82317724698501,1.5605812935844439,1581.4544002435453,0.0631752629661263,0.6593677380365562,3.3164775971624643,11.06132171069254,1000000.0,2.0900357155819402,0.5932900817400422,0.15657514778572984,5
20.04952611764835,20.787102279889453,0.950771364940175,308.06864278222935,0.12714814097446514,0.5971762596631818,10.6397750129489,5.966892177868965,1000000.0,0.15203455717981795,0.34999078621551993,0.45650257959403734,5
59.52366262588418,8.687926675718208,2.3309959378334884,513.5950530323536,0.1345109649581976,0.7599542575946521,10.607291064239995,0.6338017334320734,1000000.0,4.940877502898534,0.5332737256751693,0.4554220293679266,5
45.972129205609555,0.2593183716877445,2.38631001827173,567.1474108414734,0.6337418340805695,0.6040271599065918,7.942391516795944,1.6359393721288695,1000000.0,0.9934236779483933,0.1576940189850968,0.5145950186831909,5
4.758465206342284,13.976023439482683,2.43716799343274,1566.0675674597499,0.8541300533386618,0.632677002279832,8.711370878437382,13.61030028428696,1000000.0,5.1324142045333945,0.28062215826234393,0.27239373374764203,5
34.251656090998445,16.04577948062045,1.431225304375503,1211.4454459260005,0.06653307008091836,0.5812018562969044,9.032926443274574,0.4283187812320677,1000000.0,4.572160442387736,0.3672188216326313,0.45991966568482723,5
33.23205003101634,21.44522558614893,1.6044400477879872,24.524426911992634,0.8691065511538811,0.6393788257346262,4.893771910518943,5.869809935069677,1000000.0,5.502472463202898,0.5622437424206113,0.4561974874057384,5
56.44977120517507,11.744849619844935,2.1426901234721734,1952.632367440243,0.375303115603531,0.7507177179329507,9.224902140937653,4.297115536958059,1000000.0,8.464443906386332,0.44972743686101313,0.5745739351279421,5
45.592129286107514,8.099788571164995,0.8929975664228671,129.77928116653214,0.9947519460517662,0.8118238392472201,11.809186403338773,12.540475731817718,1000000.0,8.880000769154133,0.2854198232651458,0.5774930628657335,5
23.286100663990023,17.803368418218092,0.7411096106004753,2224.45430868974,0.76072309670744,0.5560976711307022,7.842473806476374,7.7083886792823435,1000000.0,7.929552792299617,0.24516874125287066,0.5581111794244561,5
46.561123096347856,14.990474587726935,1.1623199517638043,673.2460699936787,0.040650287034264654,0.8375012443306025,5.279788684951872,0.1964367155543595,1000000.0,8.8024089615091,0.5582431331208246,0.18635161243313064,5
42.934594769499434,15.657126009467218,2.453832205382324,2471.6542618500125,0.7474311747468831,0.5856818265873669,7.621407327750467,7.818129605043877,1000000.0,6.985802846810181,0.23106263223980253,0.3994705688188916,5
2.756221769645011,20.891548976227643,1.2372233775074637,1886.698363414759,0.694130431593434,0.939643300087923,8.40268301454677,7.614289112055335,1000000.0,6.75025601951537,0.13124873109803867,0.33242079511735356,5
17.224284897326033,5.163721230858148,2.397824124536088,154.0527768934921,0.1526561382774092,0.7597176579303869,11.831006009019768,5.99226237767064,1000000.0,8.97283010619161,0.544873500142582,0.3513936927488798,5
36.30729412338887,11.640306434526899,2.197980227372752,1054.2742539458538,0.6837077181404377,0.6325238468887567,11.949248106713505,3.021108629504687,1000000.0,5.2830061518203015,0.18122248749601252,0.5595185968227436,5
18.21206201853746,23.40180041144233,0.3086006502599681,1018.8895498362183,0.8463052818523343,0.5905921280270432,4.525602494198515,11.738411046206423,1000000.0,7.8095788249537375,0.3979134599637385,0.0928070851478073,5
39.5050717933301,24.66934471641176,1.993698325121409,2466.9204161162265,0.9724364842074195,0.8803628975847422,10.139489448213839,13.906647893346772,1000000.0,3.8452014755877664,0.10024582289183989,0.08399114270382618,5
